,Title,Start,End,Certificate,Runtime,Genre,Rating,Votes,Gross,Metascore,Director,Stars
0,Friends,1994,2004,13+,22 min,"Comedy,Romance",8.9,"1,003,700",,,,"Stars:Jennifer Aniston, Courteney Cox, Lisa Kudrow, Matt LeBlanc"
1,The Big Bang Theory,2007,2019,U,22 min,"Comedy,Romance",8.2,"814,328",,,,"Stars:Johnny Galecki, Jim Parsons, Kaley Cuoco, Simon Helberg"
2,Le fabuleux destin d'Amélie Poulain,2001,2001,U,122 min,"Comedy,Romance",8.3,"760,481",$33.23M,69,Director:Jean-Pierre Jeunet,"Stars:Audrey Tautou, Mathieu Kassovitz, Rufus, Lorella Cravotta"
3,Silver Linings Playbook,2012,2012,A,122 min,"Comedy,Drama,Romance",7.7,"713,756",$132.09M,81,Director:David O. Russell,"Stars:Bradley Cooper, Jennifer Lawrence, Robert De Niro, Jacki Weaver"
4,La vita è bella,1997,1997,U,116 min,"Comedy,Drama,Romance",8.6,"698,695",$57.60M,59,Director:Roberto Benigni,"Stars:Roberto Benigni, Nicoletta Braschi, Giorgio Cantarini, Giustino Durano"
5,How I Met Your Mother,2005,2014,15+,22 min,"Comedy,Romance",8.3,"688,533",,,,"Stars:Josh Radnor, Jason Segel, Cobie Smulders, Neil Patrick Harris"
6,Shrek,2001,2001,U,90 min,"Animation,Adventure,Comedy",7.9,"683,867",$267.67M,84,"Directors:Andrew Adamson, Vicky Jenson","Stars:Mike Myers, Eddie Murphy, Cameron Diaz, John Lithgow"
7,Groundhog Day,1993,1993,U,101 min,"Comedy,Drama,Fantasy",8.1,"636,497",$70.91M,72,Director:Harold Ramis,"Stars:Bill Murray, Andie MacDowell, Chris Elliott, Stephen Tobolowsky"
8,La La Land,2016,2016,A,128 min,"Comedy,Drama,Music",8.0,"595,214",$151.10M,94,Director:Damien Chazelle,"Stars:Ryan Gosling, Emma Stone, Rosemarie DeWitt, J.K. Simmons"
9,"Crazy, Stupid, Love.",2011,2011,A,118 min,"Comedy,Drama,Romance",7.4,"525,659",$84.35M,68,"Directors:Glenn Ficarra, John Requa","Stars:Steve Carell, Ryan Gosling, Julianne Moore, Emma Stone"
10,(500) Days of Summer,2009,2009,UA,95 min,"Comedy,Drama,Romance",7.7,"521,172",$32.39M,76,Director:Marc Webb,"Stars:Zooey Deschanel, Joseph Gordon-Levitt, Geoffrey Arend, Chloë Grace Moretz"
11,Love Actually,2003,2003,A,135 min,"Comedy,Drama,Romance",7.6,"499,411",$59.70M,55,Director:Richard Curtis,"Stars:Hugh Grant, Martine McCutcheon, Liam Neeson, Laura Linney"
12,Shrek 2,2004,2004,U,93 min,"Animation,Adventure,Comedy",7.3,"469,465",$436.47M,75,"Directors:Andrew Adamson, Kelly Asbury, Conrad Vernon","Stars:Mike Myers, Eddie Murphy, Cameron Diaz, Julie Andrews"
13,The Terminal,2004,2004,U,128 min,"Comedy,Drama,Romance",7.4,"464,516",$77.87M,55,Director:Steven Spielberg,"Stars:Tom Hanks, Catherine Zeta-Jones, Chi McBride, Stanley Tucci"
14,Tangled,2010,2010,U,100 min,"Animation,Adventure,Comedy",7.7,"458,756",$200.82M,71,"Directors:Nathan Greno, Byron Howard","Stars:Mandy Moore, Zachary Levi, Donna Murphy, Ron Perlman"
15,The 40 Year Old Virgin,2005,2005,UA,116 min,"Comedy,Romance",7.1,"442,711",$109.45M,73,Director:Judd Apatow,"Stars:Steve Carell, Catherine Keener, Paul Rudd, Romany Malco"
16,Modern Family,2009,2020,12+,22 min,"Comedy,Drama,Romance",8.5,"435,845",,,,"Stars:Ed O'Neill, Sofía Vergara, Julie Bowen, Ty Burrell"
17,Scott Pilgrim vs. the World,2010,2010,U,112 min,"Action,Comedy,Fantasy",7.5,"431,238",$31.49M,69,Director:Edgar Wright,"Stars:Michael Cera, Mary Elizabeth Winstead, Kieran Culkin, Anna Kendrick"
18,Midnight in Paris,2011,2011,PG-13,94 min,"Comedy,Fantasy,Romance",7.7,"428,265",$56.82M,81,Director:Woody Allen,"Stars:Owen Wilson, Rachel McAdams, Kathy Bates, Kurt Fuller"
19,Aladdin,1992,1992,U,90 min,"Animation,Adventure,Comedy",8.0,"424,989",$217.35M,86,"Directors:Ron Clements, John Musker","Stars:Scott Weinger, Robin Williams, Linda Larkin, Jonathan Freeman"
20,Easy A,2010,2010,A,92 min,"Comedy,Drama,Romance",7.0,"395,101",$58.40M,72,Director:Will Gluck,"Stars:Emma Stone, Amanda Bynes, Penn Badgley, Dan Byrd"
21,Friends with Benefits,2011,2011,A,109 min,"Comedy,Romance",6.5,"373,467",$55.80M,63,Director:Will Gluck,"Stars:Mila Kunis, Justin Timberlake, Patricia Clarkson, Jenna Elfman"
22,Knocked Up,2007,2007,18,129 min,"Comedy,Romance",6.9,"372,665",$148.73M,85,Director:Judd Apatow,"Stars:Seth Rogen, Katherine Heigl, Paul Rudd, Leslie Mann"
23,Yes Man,2008,2008,PG-13,104 min,"Comedy,Romance",6.8,"366,490",$97.69M,46,Director:Peyton Reed,"Stars:Jim Carrey, Zooey Deschanel, Bradley Cooper, John Michael Higgins"
24,Wedding Crashers,2005,2005,UA,119 min,"Comedy,Romance",7.0,"360,119",$209.22M,64,Director:David Dobkin,"Stars:Owen Wilson, Vince Vaughn, Rachel McAdams, Christopher Walken"
25,50 First Dates,2004,2004,UA,99 min,"Comedy,Drama,Romance",6.8,"359,936",$120.91M,48,Director:Peter Segal,"Stars:Adam Sandler, Drew Barrymore, Rob Schneider, Sean Astin"
26,About Time,2013,2013,16,123 min,"Comedy,Drama,Fantasy",7.8,"355,934",$15.32M,55,Director:Richard Curtis,"Stars:Domhnall Gleeson, Rachel McAdams, Bill Nighy, Lydia Wilson"
27,Moonrise Kingdom,2012,2012,A,94 min,"Comedy,Drama,Family",7.8,"353,098",$45.51M,84,Director:Wes Anderson,"Stars:Jared Gilman, Kara Hayward, Bruce Willis, Bill Murray"
28,10 Things I Hate About You,1999,1999,U,97 min,"Comedy,Drama,Romance",7.3,"348,598",$38.18M,70,Director:Gil Junger,"Stars:Heath Ledger, Julia Stiles, Joseph Gordon-Levitt, Larisa Oleynik"
29,Meet the Parents,2000,2000,UA,108 min,"Comedy,Romance",7.0,"339,224",$166.24M,73,Director:Jay Roach,"Stars:Ben Stiller, Robert De Niro, Teri Polo, Blythe Danner"
30,Up in the Air,2009,2009,R,109 min,"Comedy,Drama,Romance",7.4,"338,923",$83.82M,83,Director:Jason Reitman,"Stars:George Clooney, Vera Farmiga, Anna Kendrick, Jason Bateman"
31,Thor: Love and Thunder,2022,2022,UA,118 min,"Action,Adventure,Comedy",6.3,"337,555",,57,Director:Taika Waititi,"Stars:Chris Hemsworth, Natalie Portman, Christian Bale, Tessa Thompson"
32,Click,2006,2006,A,107 min,"Comedy,Drama,Fantasy",6.4,"335,911",$137.36M,45,Director:Frank Coraci,"Stars:Adam Sandler, Kate Beckinsale, Christopher Walken, David Hasselhoff"
33,The Proposal,2009,2009,A,108 min,"Comedy,Drama,Romance",6.7,"332,996",$163.96M,48,Director:Anne Fletcher,"Stars:Sandra Bullock, Ryan Reynolds, Mary Steenburgen, Craig T. Nelson"
34,50/50,2011,2011,18,100 min,"Comedy,Drama,Romance",7.6,"332,864",$35.01M,72,Director:Jonathan Levine,"Stars:Joseph Gordon-Levitt, Seth Rogen, Anna Kendrick, Bryce Dallas Howard"
35,Pretty Woman,1990,1990,A,119 min,"Comedy,Romance",7.1,"330,293",$178.41M,51,Director:Garry Marshall,"Stars:Richard Gere, Julia Roberts, Jason Alexander, Laura San Giacomo"
36,WandaVision,2021,2021,12+,350 min,"Action,Comedy,Drama",7.9,"328,270",,,,"Stars:Elizabeth Olsen, Paul Bettany, Kathryn Hahn, Teyonah Parris"
37,The Secret Life of Walter Mitty,2013,2013,UA,114 min,"Adventure,Comedy,Drama",7.3,"321,235",$58.24M,54,Director:Ben Stiller,"Stars:Ben Stiller, Kristen Wiig, Jon Daly, Kathryn Hahn"
38,Hitch,2005,2005,U,118 min,"Comedy,Romance",6.6,"321,035",$179.50M,58,Director:Andy Tennant,"Stars:Will Smith, Eva Mendes, Kevin James, Amber Valletta"
39,Notting Hill,1999,1999,U,124 min,"Comedy,Drama,Romance",7.2,"317,839",$116.09M,68,Director:Roger Michell,"Stars:Hugh Grant, Julia Roberts, Richard McCabe, Rhys Ifans"
40,There's Something About Mary,1998,1998,A,119 min,"Comedy,Romance",7.1,"314,913",$176.48M,69,"Directors:Bobby Farrelly, Peter Farrelly","Stars:Cameron Diaz, Matt Dillon, Ben Stiller, Lee Evans"
41,Shrek the Third,2007,2007,U,93 min,"Animation,Adventure,Comedy",6.1,"311,612",$320.71M,58,"Directors:Chris Miller, Raman Hui","Stars:Mike Myers, Cameron Diaz, Eddie Murphy, Antonio Banderas"
42,Pitch Perfect,2012,2012,U,112 min,"Comedy,Music,Romance",7.1,"309,902",$65.00M,66,Director:Jason Moore,"Stars:Anna Kendrick, Brittany Snow, Rebel Wilson, Anna Camp"
43,As Good as It Gets,1997,1997,A,139 min,"Comedy,Drama,Romance",7.7,"302,248",$148.48M,67,Director:James L. Brooks,"Stars:Jack Nicholson, Helen Hunt, Greg Kinnear, Cuba Gooding Jr."
44,The Holiday,2006,2006,UA,136 min,"Comedy,Romance",6.9,"297,298",$63.22M,52,Director:Nancy Meyers,"Stars:Kate Winslet, Cameron Diaz, Jude Law, Jack Black"
45,Bridesmaids,2011,2011,UA 16+,125 min,"Comedy,Romance",6.8,"295,024",$169.11M,75,Director:Paul Feig,"Stars:Kristen Wiig, Maya Rudolph, Rose Byrne, Terry Crews"
46,Forgetting Sarah Marshall,2008,2008,UA,111 min,"Comedy,Drama,Romance",7.1,"288,238",$63.17M,67,Director:Nicholas Stoller,"Stars:Kristen Bell, Jason Segel, Paul Rudd, Mila Kunis"
47,Elf,2003,2003,U,97 min,"Adventure,Comedy,Family",7.1,"284,132",$173.40M,64,Director:Jon Favreau,"Stars:Will Ferrell, James Caan, Bob Newhart, Zooey Deschanel"
48,Grease,1978,1978,A,110 min,"Comedy,Musical,Romance",7.2,"280,934",$188.76M,70,Director:Randal Kleiser,"Stars:John Travolta, Olivia Newton-John, Stockard Channing, Jeff Conaway"
49,The Graduate,1967,1967,A,106 min,"Comedy,Drama,Romance",8.0,"276,047",$104.95M,83,Director:Mike Nichols,"Stars:Dustin Hoffman, Anne Bancroft, Katharine Ross, William Daniels"
50,Meet the Fockers,2004,2004,A,115 min,"Comedy,Romance",6.3,"274,485",$279.26M,41,Director:Jay Roach,"Stars:Ben Stiller, Robert De Niro, Blythe Danner, Teri Polo"
51,Jerry Maguire,1996,1996,U,139 min,"Comedy,Drama,Romance",7.3,"270,383",$153.95M,77,Director:Cameron Crowe,"Stars:Tom Cruise, Cuba Gooding Jr., Renée Zellweger, Kelly Preston"
52,Some Like It Hot,1959,1959,U,121 min,"Comedy,Music,Romance",8.2,"269,788",$25.00M,98,Director:Billy Wilder,"Stars:Marilyn Monroe, Tony Curtis, Jack Lemmon, George Raft"
53,Aladdin,2019,2019,U,128 min,"Adventure,Comedy,Family",6.9,"269,617",$355.56M,53,Director:Guy Ritchie,"Stars:Will Smith, Mena Massoud, Naomi Scott, Marwan Kenzari"
54,Annie Hall,1977,1977,A,93 min,"Comedy,Romance",8.0,"267,620",$39.20M,92,Director:Woody Allen,"Stars:Woody Allen, Diane Keaton, Tony Roberts, Carol Kane"
55,The Little Mermaid,1989,1989,U,83 min,"Animation,Adventure,Comedy",7.6,"267,071",$111.54M,88,"Directors:Ron Clements, John Musker","Stars:Jodi Benson, Samuel E. Wright, Rene Auberjonois, Christopher Daniel Barnes"
56,Two and a Half Men,2003,2015,16+,22 min,"Comedy,Romance",7.1,"266,202",,,,"Stars:Jon Cryer, Ashton Kutcher, Angus T. Jones, Conchata Ferrell"
57,Hotel Transylvania,2012,2012,UA,91 min,"Animation,Adventure,Comedy",7.0,"259,863",$148.31M,47,Director:Genndy Tartakovsky,"Stars:Adam Sandler, Kevin James, Andy Samberg, Selena Gomez"
58,Vicky Cristina Barcelona,2008,2008,A,96 min,"Comedy,Drama,Romance",7.1,"258,611",$23.22M,70,Director:Woody Allen,"Stars:Rebecca Hall, Scarlett Johansson, Javier Bardem, Christopher Evan Welch"
59,Focus,2015,2015,A,105 min,"Comedy,Crime,Drama",6.6,"252,563",$53.86M,56,"Directors:Glenn Ficarra, John Requa","Stars:Will Smith, Margot Robbie, Rodrigo Santoro, Adrian Martinez"
60,Mamma Mia!,2008,2008,A,108 min,"Comedy,Musical,Romance",6.5,"250,287",$144.13M,51,Director:Phyllida Lloyd,"Stars:Meryl Streep, Pierce Brosnan, Amanda Seyfried, Stellan Skarsgård"
61,Just Go with It,2011,2011,UA,117 min,"Comedy,Romance",6.4,"248,153",$103.03M,33,Director:Dennis Dugan,"Stars:Adam Sandler, Jennifer Aniston, Brooklyn Decker, Nicole Kidman"
62,Bridget Jones's Diary,2001,2001,A,97 min,"Comedy,Drama,Romance",6.8,"247,925",$71.54M,66,Director:Sharon Maguire,"Stars:Renée Zellweger, Colin Firth, Hugh Grant, Gemma Jones"
63,Singin' in the Rain,1952,1952,G,103 min,"Comedy,Musical,Romance",8.3,"245,044",$8.82M,99,"Directors:Stanley Donen, Gene Kelly","Stars:Gene Kelly, Donald O'Connor, Debbie Reynolds, Jean Hagen"
64,How to Lose a Guy in 10 Days,2003,2003,A,116 min,"Comedy,Romance",6.4,"244,883",$105.81M,45,Director:Donald Petrie,"Stars:Kate Hudson, Matthew McConaughey, Adam Goldberg, Kathryn Hahn"
65,Modern Times,1936,1936,,87 min,"Comedy,Drama,Romance",8.5,"244,642",$0.16M,96,Director:Charles Chaplin,"Stars:Charles Chaplin, Paulette Goddard, Henry Bergman, Tiny Sandford"
66,The Artist,2011,2011,U,100 min,"Comedy,Drama,Romance",7.9,"242,841",$44.67M,89,Director:Michel Hazanavicius,"Stars:Jean Dujardin, Bérénice Bejo, John Goodman, James Cromwell"
67,Don Jon,2013,2013,13,90 min,"Comedy,Drama,Romance",6.5,"241,483",$24.48M,66,Director:Joseph Gordon-Levitt,"Stars:Joseph Gordon-Levitt, Scarlett Johansson, Julianne Moore, Tony Danza"
68,Hercules,1997,1997,U,93 min,"Animation,Adventure,Comedy",7.3,"235,280",$99.05M,74,"Directors:Ron Clements, John Musker","Stars:Tate Donovan, Susan Egan, James Woods, Barbara Barrie"
69,Warm Bodies,2013,2013,15+,98 min,"Comedy,Horror,Romance",6.8,"233,997",$66.38M,60,Director:Jonathan Levine,"Stars:Nicholas Hoult, Teresa Palmer, John Malkovich, Lio Tipton"
70,No Strings Attached,2011,2011,A,108 min,"Comedy,Romance",6.2,"233,089",$70.66M,50,Director:Ivan Reitman,"Stars:Natalie Portman, Ashton Kutcher, Kevin Kline, Cary Elwes"
71,Stranger Than Fiction,2006,2006,PG-13,113 min,"Comedy,Drama,Fantasy",7.6,"230,676",$40.14M,67,Director:Marc Forster,"Stars:Will Ferrell, Emma Thompson, Dustin Hoffman, Queen Latifah"
72,New Girl,2011,2018,15+,22 min,"Comedy,Romance",7.8,"227,567",,,,"Stars:Zooey Deschanel, Jake Johnson, Max Greenfield, Hannah Simone"
73,The Girl Next Door,2004,2004,A,109 min,"Comedy,Drama,Romance",6.7,"227,437",$14.59M,47,Director:Luke Greenfield,"Stars:Emile Hirsch, Nicholas Downs, Elisha Cuthbert, Timothy Olyphant"
74,Shakespeare in Love,1998,1998,UA,123 min,"Comedy,Drama,History",7.1,"226,981",$100.32M,87,Director:John Madden,"Stars:Gwyneth Paltrow, Joseph Fiennes, Geoffrey Rush, Tom Wilkinson"
75,Big,1988,1988,U,104 min,"Comedy,Drama,Fantasy",7.3,"224,834",$114.97M,73,Director:Penny Marshall,"Stars:Tom Hanks, Elizabeth Perkins, Robert Loggia, John Heard"
76,When Harry Met Sally...,1989,1989,UA,95 min,"Comedy,Drama,Romance",7.7,"224,681",$92.82M,76,Director:Rob Reiner,"Stars:Billy Crystal, Meg Ryan, Carrie Fisher, Bruno Kirby"
77,Clueless,1995,1995,U,97 min,"Comedy,Romance",6.9,"223,016",$56.63M,68,Director:Amy Heckerling,"Stars:Alicia Silverstone, Stacey Dash, Brittany Murphy, Paul Rudd"
78,Legally Blonde,2001,2001,U,96 min,"Comedy,Romance",6.4,"222,911",$96.52M,59,Director:Robert Luketic,"Stars:Reese Witherspoon, Luke Wilson, Selma Blair, Matthew Davis"
79,The Ugly Truth,2009,2009,A,96 min,"Comedy,Romance",6.4,"221,675",$88.92M,28,Director:Robert Luketic,"Stars:Katherine Heigl, Gerard Butler, Bree Turner, Eric Winter"
80,Garden State,2004,2004,R,102 min,"Comedy,Drama,Romance",7.4,"218,112",$26.78M,67,Director:Zach Braff,"Stars:Zach Braff, Peter Sarsgaard, Natalie Portman, Ian Holm"
81,You've Got Mail,1998,1998,U,119 min,"Comedy,Drama,Romance",6.7,"217,456",$115.82M,57,Director:Nora Ephron,"Stars:Tom Hanks, Meg Ryan, Greg Kinnear, Parker Posey"
82,Miss Congeniality,2000,2000,A,109 min,"Action,Comedy,Crime",6.3,"214,316",$106.81M,43,Director:Donald Petrie,"Stars:Sandra Bullock, Michael Caine, Benjamin Bratt, Candice Bergen"
83,P.S. I Love You,2007,2007,A,126 min,"Comedy,Drama,Romance",7.0,"212,127",$53.70M,39,Director:Richard LaGravenese,"Stars:Hilary Swank, Gerard Butler, Harry Connick Jr., Lisa Kudrow"
84,Coming to America,1988,1988,UA,117 min,"Comedy,Romance",7.1,"211,303",$128.15M,47,Director:John Landis,"Stars:Eddie Murphy, Paul Bates, Garcelle Beauvais, Feather"
85,What Women Want,2000,2000,A,127 min,"Comedy,Fantasy,Romance",6.4,"210,777",$182.81M,47,Director:Nancy Meyers,"Stars:Mel Gibson, Helen Hunt, Marisa Tomei, Alan Alda"
86,"I Love You, Man",2009,2009,A,105 min,"Comedy,Romance",7.0,"208,959",$71.44M,70,Director:John Hamburg,"Stars:Paul Rudd, Jason Segel, Rashida Jones, Sarah Burns"
87,Shrek Forever After,2010,2010,U,95 min,"Animation,Adventure,Comedy",6.3,"208,817",$238.37M,58,Director:Mike Mitchell,"Stars:Mike Myers, Cameron Diaz, Eddie Murphy, Antonio Banderas"
88,Enchanted,2007,2007,U,107 min,"Animation,Adventure,Comedy",7.1,"207,663",$127.81M,75,Director:Kevin Lima,"Stars:Amy Adams, Susan Sarandon, James Marsden, Patrick Dempsey"
89,Love & Other Drugs,2010,2010,UA,112 min,"Comedy,Drama,Romance",6.7,"207,062",$32.37M,55,Director:Edward Zwick,"Stars:Jake Gyllenhaal, Anne Hathaway, Judy Greer, Oliver Platt"
90,Bad Teacher,2011,2011,A,92 min,"Comedy,Romance",5.6,"205,335",$100.29M,47,Director:Jake Kasdan,"Stars:Cameron Diaz, Jason Segel, Justin Timberlake, Lucy Punch"
91,17 Again,2009,2009,UA,102 min,"Comedy,Drama,Fantasy",6.4,"204,632",$64.17M,48,Director:Burr Steers,"Stars:Zac Efron, Matthew Perry, Leslie Mann, Thomas Lennon"
92,The Life Aquatic with Steve Zissou,2004,2004,R,119 min,"Action,Adventure,Comedy",7.2,"199,969",$24.01M,62,Director:Wes Anderson,"Stars:Bill Murray, Owen Wilson, Anjelica Huston, Cate Blanchett"
93,13 Going on 30,2004,2004,UA,98 min,"Comedy,Fantasy,Romance",6.2,"196,385",$57.23M,57,Director:Gary Winick,"Stars:Jennifer Garner, Mark Ruffalo, Judy Greer, Andy Serkis"
94,The End of the F***ing World,2017,2019,18+,25 min,"Adventure,Comedy,Crime",8.1,"194,679",,,,"Stars:Jessica Barden, Alex Lawther, Steve Oram, Christine Bottomley"
95,Sideways,2004,2004,R,127 min,"Comedy,Drama,Romance",7.5,"193,749",$71.50M,94,Director:Alexander Payne,"Stars:Paul Giamatti, Thomas Haden Church, Virginia Madsen, Sandra Oh"
96,Happy Feet,2006,2006,U,108 min,"Animation,Adventure,Comedy",6.4,"189,092",$198.00M,77,"Directors:George Miller, Warren Coleman, Judy Morris","Stars:Elijah Wood, Brittany Murphy, Hugh Jackman, Robin Williams"
97,This Means War,2012,2012,A,103 min,"Action,Comedy,Romance",6.3,"188,568",$54.76M,31,Director:McG,"Stars:Reese Witherspoon, Chris Pine, Tom Hardy, Til Schweiger"
98,Rushmore,1998,1998,UA,93 min,"Comedy,Drama,Romance",7.6,"187,750",$17.11M,86,Director:Wes Anderson,"Stars:Jason Schwartzman, Bill Murray, Olivia Williams, Seymour Cassel"
99,The Mask of Zorro,1998,1998,UA,136 min,"Action,Adventure,Comedy",6.8,"187,673",$94.10M,63,Director:Martin Campbell,"Stars:Antonio Banderas, Anthony Hopkins, Catherine Zeta-Jones, José María de Tavira"
100,City Lights,1931,1931,G,87 min,"Comedy,Drama,Romance",8.5,"186,347",$0.02M,99,Director:Charles Chaplin,"Stars:Charles Chaplin, Virginia Cherrill, Florence Lee, Harry Myers"
101,About a Boy,2002,2002,U,101 min,"Comedy,Drama,Romance",7.1,"185,985",$41.39M,75,"Directors:Chris Weitz, Paul Weitz","Stars:Hugh Grant, Nicholas Hoult, Toni Collette, Sharon Small"
102,The Apartment,1960,1960,U,125 min,"Comedy,Drama,Romance",8.3,"183,778",$18.60M,94,Director:Billy Wilder,"Stars:Jack Lemmon, Shirley MacLaine, Fred MacMurray, Ray Walston"
103,Breakfast at Tiffany's,1961,1961,A,115 min,"Comedy,Drama,Romance",7.6,"182,796",,76,Director:Blake Edwards,"Stars:Audrey Hepburn, George Peppard, Patricia Neal, Buddy Ebsen"
104,High Fidelity,2000,2000,R,113 min,"Comedy,Drama,Music",7.4,"182,331",$27.29M,79,Director:Stephen Frears,"Stars:John Cusack, Iben Hjejle, Todd Louiso, Jack Black"
105,Sleepless in Seattle,1993,1993,U,105 min,"Comedy,Drama,Romance",6.8,"179,394",$126.53M,72,Director:Nora Ephron,"Stars:Tom Hanks, Meg Ryan, Ross Malinger, Rita Wilson"
106,What Happens in Vegas,2008,2008,UA,99 min,"Comedy,Romance",6.1,"178,961",$80.28M,36,Director:Tom Vaughan,"Stars:Cameron Diaz, Ashton Kutcher, Rob Corddry, Lake Bell"
107,Zack and Miri Make a Porno,2008,2008,A,101 min,"Comedy,Romance",6.5,"178,933",$31.46M,56,Director:Kevin Smith,"Stars:Seth Rogen, Elizabeth Banks, Craig Robinson, Gerry Bednob"
108,He's Just Not That Into You,2009,2009,13,129 min,"Comedy,Drama,Romance",6.4,"175,578",$93.95M,47,Director:Ken Kwapis,"Stars:Ginnifer Goodwin, Jennifer Aniston, Jennifer Connelly, Morgan Lily"
109,That '70s Show,1998,2006,18,22 min,"Comedy,Drama,Romance",8.1,"175,501",,,,"Stars:Topher Grace, Laura Prepon, Mila Kunis, Danny Masterson"
110,Crazy Rich Asians,2018,2018,UA,120 min,"Comedy,Drama,Romance",6.9,"175,426",$174.53M,74,Director:Jon M. Chu,"Stars:Constance Wu, Henry Golding, Michelle Yeoh, Gemma Chan"
111,Laal Singh Chaddha,2022,2022,UA,159 min,"Comedy,Drama,Romance",5.5,"173,819",,46,Director:Advait Chandan,"Stars:Aamir Khan, Ahmad Ibn Umar, Kareena Kapoor, Hafsa Ashraf"
112,Puss in Boots,2011,2011,U,90 min,"Animation,Adventure,Comedy",6.6,"168,026",$149.26M,65,Director:Chris Miller,"Stars:Antonio Banderas, Salma Hayek, Zach Galifianakis, Billy Bob Thornton"
113,"Definitely, Maybe",2008,2008,UA,112 min,"Comedy,Drama,Romance",7.1,"167,641",$31.97M,59,Director:Adam Brooks,"Stars:Ryan Reynolds, Rachel Weisz, Abigail Breslin, An Nguyen"
114,Punch-Drunk Love,2002,2002,R,95 min,"Comedy,Drama,Romance",7.3,"167,578",$17.84M,78,Director:Paul Thomas Anderson,"Stars:Adam Sandler, Emily Watson, Philip Seymour Hoffman, Jason Andrews"
115,27 Dresses,2008,2008,UA,111 min,"Comedy,Romance",6.1,"166,822",$76.81M,47,Director:Anne Fletcher,"Stars:Katherine Heigl, James Marsden, Malin Akerman, Brian Kerwin"
116,Date Night,2010,2010,A,88 min,"Comedy,Crime,Romance",6.3,"164,808",$98.71M,56,Director:Shawn Levy,"Stars:Steve Carell, Tina Fey, Mark Wahlberg, Taraji P. Henson"
117,Castle,2009,2016,A,43 min,"Comedy,Crime,Drama",8.1,"164,200",,,,"Stars:Nathan Fillion, Stana Katic, Susan Sullivan, Jon Huertas"
118,The Good Place,2016,2020,13+,22 min,"Comedy,Drama,Fantasy",8.2,"163,864",,,,"Stars:Kristen Bell, William Jackson Harper, Jameela Jamil, D'Arcy Carden"
119,Palm Springs,2020,2020,A,90 min,"Comedy,Fantasy,Mystery",7.4,"162,560",,83,Director:Max Barbakow,"Stars:Andy Samberg, Cristin Milioti, J.K. Simmons, Peter Gallagher"
120,Adventureland,2009,2009,UA,107 min,"Comedy,Drama,Romance",6.8,"162,527",$16.03M,76,Director:Greg Mottola,"Stars:Jesse Eisenberg, Kristen Stewart, Ryan Reynolds, Martin Starr"
121,She's the Man,2006,2006,U,105 min,"Comedy,Romance,Sport",6.3,"162,363",$2.34M,45,Director:Andy Fickman,"Stars:Amanda Bynes, Laura Ramsey, Channing Tatum, Vinnie Jones"
122,Bones,2005,2017,15+,40 min,"Comedy,Crime,Drama",7.8,"162,171",,,,"Stars:Emily Deschanel, David Boreanaz, Michaela Conlin, T.J. Thyne"
123,Begin Again,2013,2013,A,104 min,"Comedy,Drama,Music",7.4,"158,652",$16.17M,62,Director:John Carney,"Stars:Keira Knightley, Mark Ruffalo, Adam Levine, Hailee Steinfeld"
124,Yesterday,2019,2019,UA,116 min,"Comedy,Fantasy,Music",6.8,"155,858",$73.29M,55,Director:Danny Boyle,"Stars:Himesh Patel, Lily James, Sophia Di Martino, Ellise Chappell"
125,Four Weddings and a Funeral,1994,1994,A,117 min,"Comedy,Drama,Romance",7.1,"155,835",$52.70M,81,Director:Mike Newell,"Stars:Hugh Grant, Andie MacDowell, James Fleet, Simon Callow"
126,The Wedding Singer,1998,1998,PG-13,97 min,"Comedy,Music,Romance",6.9,"153,032",$80.25M,59,Director:Frank Coraci,"Stars:Adam Sandler, Drew Barrymore, Christine Taylor, Allen Covert"
127,The Time Traveler's Wife,2009,2009,A,107 min,"Comedy,Drama,Fantasy",7.1,"152,745",$63.41M,47,Director:Robert Schwentke,"Stars:Eric Bana, Rachel McAdams, Ron Livingston, Michelle Nolden"
128,The Ballad of Buster Scruggs,2018,2018,18,133 min,"Comedy,Drama,Musical",7.3,"150,974",,79,"Directors:Ethan Coen, Joel Coen","Stars:Tim Blake Nelson, Willie Watson, Clancy Brown, Danny McCarthy"
129,Robots,2005,2005,U,91 min,"Animation,Adventure,Comedy",6.4,"150,362",$128.20M,64,"Directors:Chris Wedge, Carlos Saldanha","Stars:Ewan McGregor, Halle Berry, Mel Brooks, Robin Williams"
130,The Princess Diaries,2001,2001,U,115 min,"Comedy,Family,Romance",6.4,"149,768",$108.25M,52,Director:Garry Marshall,"Stars:Julie Andrews, Anne Hathaway, Hector Elizondo, Heather Matarazzo"
131,I Now Pronounce You Chuck & Larry,2007,2007,UA,115 min,"Comedy,Romance",5.9,"149,094",$120.06M,37,Director:Dennis Dugan,"Stars:Adam Sandler, Kevin James, Jessica Biel, Dan Aykroyd"
132,The Princess and the Frog,2009,2009,,97 min,"Animation,Adventure,Comedy",7.1,"148,833",$104.40M,73,"Directors:Ron Clements, John Musker","Stars:Anika Noni Rose, Keith David, Oprah Winfrey, Bruno Campos"
133,Good Bye Lenin!,2003,2003,R,121 min,"Comedy,Drama,Romance",7.7,"147,598",$4.06M,68,Director:Wolfgang Becker,"Stars:Daniel Brühl, Katrin Sass, Chulpan Khamatova, Florian Lukas"
134,Lars and the Real Girl,2007,2007,PG-13,106 min,"Comedy,Drama,Romance",7.3,"147,508",$5.97M,70,Director:Craig Gillespie,"Stars:Ryan Gosling, Emily Mortimer, Paul Schneider, R.D. Reid"
135,Mr. Deeds,2002,2002,U,96 min,"Comedy,Romance",5.8,"146,347",$126.29M,24,Director:Steven Brill,"Stars:Adam Sandler, Winona Ryder, John Turturro, Allen Covert"
136,This Is Us,2016,2022,16,45 min,"Comedy,Drama,Romance",8.7,"146,015",,,,"Stars:Milo Ventimiglia, Mandy Moore, Sterling K. Brown, Chrissy Metz"
137,My Best Friend's Wedding,1997,1997,UA,105 min,"Comedy,Drama,Romance",6.3,"145,328",$127.12M,50,Director:P.J. Hogan,"Stars:Julia Roberts, Dermot Mulroney, Cameron Diaz, Rupert Everett"
138,It's Kind of a Funny Story,2010,2010,16,101 min,"Comedy,Drama,Romance",7.1,"144,551",$6.35M,63,"Directors:Anna Boden, Ryan Fleck","Stars:Keir Gilchrist, Zach Galifianakis, Emma Roberts, Dana DeVestern"
139,"Love, Rosie",2014,2014,UA,102 min,"Comedy,Romance",7.1,"143,766",$0.02M,44,Director:Christian Ditter,"Stars:Lily Collins, Sam Claflin, Christian Cooke, Jaime Winstone"
140,This Is 40,2012,2012,A,134 min,"Comedy,Drama,Romance",6.2,"143,587",$67.54M,59,Director:Judd Apatow,"Stars:Paul Rudd, Leslie Mann, Maude Apatow, Iris Apatow"
141,The Other Woman,2014,2014,A,109 min,"Comedy,Romance",6.0,"143,051",$83.91M,39,Director:Nick Cassavetes,"Stars:Cameron Diaz, Leslie Mann, Kate Upton, Nikolaj Coster-Waldau"
142,The Invention of Lying,2009,2009,PG-13,100 min,"Comedy,Fantasy,Romance",6.3,"142,950",$18.44M,58,"Directors:Ricky Gervais, Matthew Robinson","Stars:Ricky Gervais, Jennifer Garner, Jonah Hill, Louis C.K."
143,Freaky Friday,2003,2003,U,97 min,"Comedy,Family,Fantasy",6.3,"141,718",$110.23M,70,Director:Mark Waters,"Stars:Jamie Lee Curtis, Lindsay Lohan, Mark Harmon, Harold Gould"
144,Manhattan,1979,1979,,96 min,"Comedy,Drama,Romance",7.9,"141,614",$45.70M,83,Director:Woody Allen,"Stars:Woody Allen, Diane Keaton, Mariel Hemingway, Michael Murphy"
145,The Parent Trap,1998,1998,U,128 min,"Adventure,Comedy,Drama",6.6,"141,302",$66.31M,64,Director:Nancy Meyers,"Stars:Lindsay Lohan, Dennis Quaid, Natasha Richardson, Elaine Hendrix"
146,Roman Holiday,1953,1953,U,118 min,"Comedy,Romance",8.0,"140,298",,78,Director:William Wyler,"Stars:Gregory Peck, Audrey Hepburn, Eddie Albert, Hartley Power"
147,Chasing Amy,1997,1997,R,113 min,"Comedy,Drama,Romance",7.2,"139,626",$12.02M,71,Director:Kevin Smith,"Stars:Ben Affleck, Joey Lauren Adams, Ethan Suplee, Scott Mosier"
148,She's Out of My League,2010,2010,UA 13+,104 min,"Comedy,Romance",6.4,"138,918",$31.58M,46,Director:Jim Field Smith,"Stars:Jay Baruchel, Alice Eve, T.J. Miller, Mike Vogel"
149,Lady and the Tramp,1955,1955,G,76 min,"Animation,Adventure,Comedy",7.3,"138,440",$93.60M,78,"Directors:Clyde Geronimi, Wilfred Jackson, Hamilton Luske, Jack Cutting","Stars:Barbara Luddy, Larry Roberts, Peggy Lee, Bill Thompson"
150,Trainwreck,2015,2015,R,125 min,"Comedy,Drama,Romance",6.2,"138,346",$110.21M,75,Director:Judd Apatow,"Stars:Amy Schumer, Bill Hader, Brie Larson, Colin Quinn"
151,Along Came Polly,2004,2004,UA,90 min,"Comedy,Romance",6.0,"138,101",$88.10M,44,Director:John Hamburg,"Stars:Ben Stiller, Jennifer Aniston, Debra Messing, Philip Seymour Hoffman"
152,The Big Sick,2017,2017,UA,120 min,"Comedy,Drama,Romance",7.5,"137,314",$42.87M,86,Director:Michael Showalter,"Stars:Kumail Nanjiani, Zoe Kazan, Holly Hunter, Ray Romano"
153,Shallow Hal,2001,2001,UA,114 min,"Comedy,Drama,Fantasy",6.0,"136,159",$70.84M,48,"Directors:Bobby Farrelly, Peter Farrelly","Stars:Jack Black, Gwyneth Paltrow, Jason Alexander, Joe Viterelli"
154,Blended,2014,2014,UA,117 min,"Comedy,Romance",6.5,"134,779",$46.29M,31,Director:Frank Coraci,"Stars:Adam Sandler, Drew Barrymore, Wendi McLendon-Covey, Kevin Nealon"
155,My Big Fat Greek Wedding,2002,2002,U,95 min,"Comedy,Drama,Romance",6.6,"134,480",$241.44M,62,Director:Joel Zwick,"Stars:Nia Vardalos, John Corbett, Michael Constantine, Christina Eleusiniotis"
156,The Break-Up,2006,2006,UA,106 min,"Comedy,Drama,Romance",5.8,"134,176",$118.70M,45,Director:Peyton Reed,"Stars:Jennifer Aniston, Vince Vaughn, Jon Favreau, Joey Lauren Adams"
157,Life as We Know It,2010,2010,UA,115 min,"Comedy,Drama,Romance",6.5,"133,922",$53.37M,39,Director:Greg Berlanti,"Stars:Katherine Heigl, Josh Duhamel, Josh Lucas, Alexis Clagett"
158,Bill & Ted's Excellent Adventure,1989,1989,U,90 min,"Adventure,Comedy,Music",6.9,"133,463",$40.49M,50,Director:Stephen Herek,"Stars:Keanu Reeves, Alex Winter, George Carlin, Terry Camilleri"
159,Me and Earl and the Dying Girl,2015,2015,PG-13,105 min,"Comedy,Drama,Romance",7.7,"133,314",$6.74M,74,Director:Alfonso Gomez-Rejon,"Stars:Thomas Mann, RJ Cyler, Olivia Cooke, Nick Offerman"
160,Hairspray,2007,2007,U,117 min,"Comedy,Drama,Musical",6.7,"132,511",$118.87M,81,Director:Adam Shankman,"Stars:John Travolta, Queen Latifah, Nikki Blonsky, Michelle Pfeiffer"
161,Murder Mystery,2019,2019,12,97 min,"Action,Comedy,Crime",6.0,"131,740",,38,Director:Kyle Newacheck,"Stars:Adam Sandler, Jennifer Aniston, Luke Evans, Terence Stamp"
162,Dil Bechara,2020,2020,12+,101 min,"Comedy,Drama,Romance",8.4,"131,620",,,Director:Mukesh Chhabra,"Stars:Sushant Singh Rajput, Sanjana Sanghi, Sahil Vaid, Saswata Chatterjee"
163,The Kids Are All Right,2010,2010,R,106 min,"Comedy,Drama,Romance",7.0,"131,510",$20.81M,86,Director:Lisa Cholodenko,"Stars:Annette Bening, Julianne Moore, Mark Ruffalo, Mia Wasikowska"
164,Desperate Housewives,2004,2012,,45 min,"Comedy,Drama,Mystery",7.6,"130,581",,,,"Stars:Teri Hatcher, Felicity Huffman, Marcia Cross, Eva Longoria"
165,Robin Hood,1973,1973,U,83 min,"Animation,Adventure,Comedy",7.5,"129,756",$32.06M,57,"Directors:Wolfgang Reitherman, David Hand","Stars:Brian Bedford, Phil Harris, Roger Miller, Peter Ustinov"
166,The Bounty Hunter,2010,2010,A,110 min,"Action,Comedy,Romance",5.5,"129,427",$67.06M,22,Director:Andy Tennant,"Stars:Jennifer Aniston, Gerard Butler, Gio Perez, Joel Marsh Garland"
167,Sex and the City,1998,2004,A,30 min,"Comedy,Drama,Romance",7.3,"128,882",,,,"Stars:Sarah Jessica Parker, Kim Cattrall, Kristin Davis, Cynthia Nixon"
168,Flushed Away,2006,2006,U,85 min,"Animation,Action,Adventure",6.6,"128,789",$64.67M,74,"Directors:David Bowers, Sam Fell","Stars:Hugh Jackman, Kate Winslet, Ian McKellen, Jean Reno"
169,Robin Hood: Men in Tights,1993,1993,U,104 min,"Adventure,Comedy,Musical",6.7,"128,659",$35.74M,44,Director:Mel Brooks,"Stars:Cary Elwes, Richard Lewis, Roger Rees, Amy Yasbeck"
170,Hall Pass,2011,2011,UA,105 min,"Comedy,Romance",5.9,"127,197",$45.06M,45,"Directors:Bobby Farrelly, Peter Farrelly","Stars:Owen Wilson, Jason Sudeikis, Christina Applegate, Jenna Fischer"
171,Safety Not Guaranteed,2012,2012,R,86 min,"Adventure,Comedy,Drama",6.9,"126,875",$4.01M,72,Director:Colin Trevorrow,"Stars:Aubrey Plaza, Mark Duplass, Jake Johnson, Karan Soni"
172,The French Dispatch,2020,2020,A,107 min,"Comedy,Drama,Romance",7.1,"125,519",,74,Director:Wes Anderson,"Stars:Benicio Del Toro, Adrien Brody, Tilda Swinton, Léa Seydoux"
173,The Lost City,2022,2022,UA,112 min,"Action,Adventure,Comedy",6.1,"125,316",,60,"Directors:Aaron Nee, Adam Nee","Stars:Sandra Bullock, Channing Tatum, Daniel Radcliffe, Da'Vine Joy Randolph"
174,Mallrats,1995,1995,A,94 min,"Comedy,Romance",7.0,"124,396",$2.12M,41,Director:Kevin Smith,"Stars:Shannen Doherty, Jeremy London, Jason Lee, Claire Forlani"
175,Swiss Army Man,2016,2016,R,97 min,"Comedy,Drama,Fantasy",6.9,"124,119",$4.21M,64,"Directors:Dan Kwan, Daniel Scheinert","Stars:Paul Dano, Daniel Radcliffe, Mary Elizabeth Winstead, Antonia Ribero"
176,Something's Gotta Give,2003,2003,PG-13,128 min,"Comedy,Drama,Romance",6.7,"123,584",$124.73M,66,Director:Nancy Meyers,"Stars:Jack Nicholson, Diane Keaton, Keanu Reeves, Amanda Peet"
177,Sex and the City,2008,2008,UA,145 min,"Comedy,Drama,Romance",5.7,"123,365",$152.65M,53,Director:Michael Patrick King,"Stars:Sarah Jessica Parker, Kim Cattrall, Cynthia Nixon, Kristin Davis"
178,Valentine's Day,2010,2010,U,125 min,"Comedy,Romance",5.7,"121,046",$110.49M,34,Director:Garry Marshall,"Stars:Julia Roberts, Jamie Foxx, Anne Hathaway, Jessica Alba"
179,Just Friends,2005,2005,UA,96 min,"Comedy,Romance",6.2,"120,837",$32.62M,47,Director:Roger Kumble,"Stars:Ryan Reynolds, Amy Smart, Anna Faris, Chris Klein"
180,Two Weeks Notice,2002,2002,UA,101 min,"Comedy,Romance",6.1,"120,289",$93.35M,42,Director:Marc Lawrence,"Stars:Sandra Bullock, Hugh Grant, Alicia Witt, Dana Ivey"
181,Licorice Pizza,2021,2021,A,133 min,"Comedy,Drama,Romance",7.2,"119,538",,90,Director:Paul Thomas Anderson,"Stars:Alana Haim, Cooper Hoffman, Sean Penn, Tom Waits"
182,The Nutty Professor,1996,1996,A,95 min,"Comedy,Romance,Sci-Fi",5.7,"118,836",$128.81M,62,Director:Tom Shadyac,"Stars:Eddie Murphy, Jada Pinkett Smith, James Coburn, Larry Miller"
183,Sixteen Candles,1984,1984,U,93 min,"Comedy,Romance",7.0,"118,371",$23.69M,61,Director:John Hughes,"Stars:Molly Ringwald, Anthony Michael Hall, Justin Henry, Michael Schoeffling"
184,"Love, Simon",2018,2018,A,110 min,"Comedy,Drama,Romance",7.5,"116,920",$40.83M,72,Director:Greg Berlanti,"Stars:Nick Robinson, Jennifer Garner, Josh Duhamel, Katherine Langford"
185,Coyote Ugly,2000,2000,UA,100 min,"Comedy,Drama,Music",5.7,"116,631",$60.79M,27,Director:David McNally,"Stars:Piper Perabo, Adam Garcia, John Goodman, Maria Bello"
186,Sweet Home Alabama,2002,2002,U,108 min,"Comedy,Romance",6.2,"115,835",$127.22M,45,Director:Andy Tennant,"Stars:Reese Witherspoon, Patrick Dempsey, Josh Lucas, Candice Bergen"
187,Bridget Jones: The Edge of Reason,2004,2004,UA,108 min,"Comedy,Drama,Romance",6.0,"115,799",$40.23M,44,Director:Beeban Kidron,"Stars:Renée Zellweger, Colin Firth, Hugh Grant, Gemma Jones"
188,Patch Adams,1998,1998,U,115 min,"Biography,Comedy,Drama",6.8,"115,710",$135.03M,25,Director:Tom Shadyac,"Stars:Robin Williams, Daniel London, Monica Potter, Philip Seymour Hoffman"
189,Seeking a Friend for the End of the World,2012,2012,R,101 min,"Adventure,Comedy,Drama",6.7,"115,654",$6.62M,59,Director:Lorene Scafaria,"Stars:Steve Carell, Keira Knightley, Melanie Lynskey, Patton Oswalt"
190,Serendipity,2001,2001,U,90 min,"Comedy,Romance",6.8,"115,432",$50.29M,52,Director:Peter Chelsom,"Stars:John Cusack, Kate Beckinsale, Jeremy Piven, Bridget Moynahan"
191,Little Fockers,2010,2010,A,98 min,"Comedy,Romance",5.5,"114,460",$148.38M,27,Director:Paul Weitz,"Stars:Ben Stiller, Teri Polo, Robert De Niro, Owen Wilson"
192,Sex Tape,2014,2014,A,94 min,"Comedy,Romance",5.1,"113,901",$38.54M,36,Director:Jake Kasdan,"Stars:Jason Segel, Cameron Diaz, Rob Corddry, Ellie Kemper"
193,The Family Man,2000,2000,PG-13,125 min,"Comedy,Drama,Fantasy",6.8,"112,979",$75.79M,42,Director:Brett Ratner,"Stars:Nicolas Cage, Téa Leoni, Don Cheadle, Jeremy Piven"
194,Long Shot,2019,2019,A,125 min,"Comedy,Romance",6.8,"112,947",$30.32M,67,Director:Jonathan Levine,"Stars:Charlize Theron, Seth Rogen, June Diane Raphael, O'Shea Jackson Jr."
195,The Gold Rush,1925,1925,,95 min,"Adventure,Comedy,Drama",8.1,"112,750",$5.45M,,Director:Charles Chaplin,"Stars:Charles Chaplin, Mack Swain, Tom Murray, Henry Bergman"
196,Just Like Heaven,2005,2005,U,95 min,"Comedy,Drama,Fantasy",6.7,"112,243",$48.32M,47,Director:Mark Waters,"Stars:Reese Witherspoon, Mark Ruffalo, Donal Logue, Dina Spybey-Waters"
197,Bend It Like Beckham,2002,2002,U,112 min,"Comedy,Drama,Romance",6.7,"112,088",$32.54M,66,Director:Gurinder Chadha,"Stars:Parminder Nagra, Keira Knightley, Jonathan Rhys Meyers, Anupam Kher"
198,Driving Miss Daisy,1989,1989,U,99 min,"Comedy,Drama,Romance",7.3,"111,610",$106.59M,81,Director:Bruce Beresford,"Stars:Morgan Freeman, Jessica Tandy, Dan Aykroyd, Patti LuPone"
199,National Lampoon's Van Wilder,2002,2002,A,92 min,"Comedy,Romance",6.4,"111,371",$21.01M,26,Director:Walt Becker,"Stars:Ryan Reynolds, Tara Reid, Tim Matheson, Kal Penn"
200,To All the Boys I've Loved Before,2018,2018,13,99 min,"Comedy,Drama,Romance",7.0,"110,551",,64,Director:Susan Johnson,"Stars:Lana Condor, Noah Centineo, Janel Parrish, Anna Cathcart"
201,The Mexican,2001,2001,R,123 min,"Adventure,Comedy,Crime",6.1,"109,623",$66.81M,43,Director:Gore Verbinski,"Stars:Brad Pitt, Julia Roberts, James Gandolfini, J.K. Simmons"
202,Bride Wars,2009,2009,UA,89 min,"Comedy,Romance",5.4,"109,418",$58.72M,24,Director:Gary Winick,"Stars:Kate Hudson, Anne Hathaway, Candice Bergen, Bryan Greenberg"
203,Tootsie,1982,1982,U,116 min,"Comedy,Drama,Romance",7.4,"108,789",$177.20M,88,Director:Sydney Pollack,"Stars:Dustin Hoffman, Jessica Lange, Teri Garr, Dabney Coleman"
204,The Switch,2010,2010,UA,101 min,"Comedy,Drama,Romance",6.1,"107,613",$27.76M,52,"Directors:Josh Gordon, Will Speck","Stars:Jennifer Aniston, Jason Bateman, Patrick Wilson, Jeff Goldblum"
205,Scrooged,1988,1988,UA,101 min,"Comedy,Drama,Fantasy",6.9,"107,488",$60.33M,38,Director:Richard Donner,"Stars:Bill Murray, Karen Allen, John Forsythe, John Glover"
206,Leap Year,2010,2010,UA,100 min,"Comedy,Romance",6.4,"106,125",$25.92M,33,Director:Anand Tucker,"Stars:Amy Adams, Matthew Goode, Adam Scott, John Lithgow"
207,While You Were Sleeping,1995,1995,U,103 min,"Comedy,Drama,Romance",6.8,"106,102",$81.06M,67,Director:Jon Turteltaub,"Stars:Sandra Bullock, Bill Pullman, Peter Gallagher, Peter Boyle"
208,Inherent Vice,2014,2014,R,148 min,"Comedy,Crime,Drama",6.6,"106,094",$8.11M,81,Director:Paul Thomas Anderson,"Stars:Joaquin Phoenix, Josh Brolin, Owen Wilson, Katherine Waterston"
209,It Happened One Night,1934,1934,,105 min,"Comedy,Romance",8.1,"105,456",$4.36M,87,Director:Frank Capra,"Stars:Clark Gable, Claudette Colbert, Walter Connolly, Roscoe Karns"
210,That Awkward Moment,2014,2014,R,94 min,"Comedy,Romance",6.1,"104,500",$26.05M,36,Director:Tom Gormican,"Stars:Zac Efron, Michael B. Jordan, Miles Teller, Imogen Poots"
211,Paper Towns,2015,2015,PG-13,109 min,"Adventure,Comedy,Drama",6.2,"104,263",$32.00M,56,Director:Jake Schreier,"Stars:Nat Wolff, Cara Delevingne, Austin Abrams, Justice Smith"
212,Music and Lyrics,2007,2007,PG-13,104 min,"Comedy,Music,Romance",6.5,"104,239",$50.57M,59,Director:Marc Lawrence,"Stars:Hugh Grant, Drew Barrymore, Scott Porter, Nick Bacon"
213,Dan in Real Life,2007,2007,U,98 min,"Comedy,Drama,Romance",6.8,"104,040",$47.64M,65,Director:Peter Hedges,"Stars:Steve Carell, Juliette Binoche, Dane Cook, Alison Pill"
214,Broken Flowers,2005,2005,UA,106 min,"Comedy,Drama,Mystery",7.2,"103,919",$13.74M,79,Director:Jim Jarmusch,"Stars:Bill Murray, Jessica Lange, Sharon Stone, Julie Delpy"
215,Misfits,2009,2013,UA,60 min,"Comedy,Drama,Fantasy",8.2,"102,448",,,,"Stars:Nathan Stewart-Jarrett, Joe Gilgun, Iwan Rheon, Lauren Socha"
216,Only Lovers Left Alive,2013,2013,R,123 min,"Comedy,Drama,Fantasy",7.2,"102,424",$1.88M,79,Director:Jim Jarmusch,"Stars:Tilda Swinton, Tom Hiddleston, Mia Wasikowska, John Hurt"
217,Ruby Sparks,2012,2012,R,104 min,"Comedy,Drama,Fantasy",7.2,"102,240",$2.54M,67,"Directors:Jonathan Dayton, Valerie Faris","Stars:Paul Dano, Zoe Kazan, Annette Bening, Antonio Banderas"
218,Your Highness,2011,2011,R,102 min,"Action,Adventure,Comedy",5.5,"102,017",$21.60M,31,Director:David Gordon Green,"Stars:Danny McBride, Natalie Portman, James Franco, Rasmus Hardiker"
219,Letters to Juliet,2010,2010,U,105 min,"Adventure,Comedy,Drama",6.5,"101,801",$53.03M,50,Director:Gary Winick,"Stars:Amanda Seyfried, Gael García Bernal, Vanessa Redgrave, Marcia DeBonis"
220,Emily in Paris,2020,2020,16,30 min,"Comedy,Drama,Romance",6.9,"100,671",,,,"Stars:Lily Collins, Philippine Leroy-Beaulieu, Ashley Park, Samuel Arnold"
221,Runaway Bride,1999,1999,PG,116 min,"Comedy,Romance",5.6,"100,093",$152.26M,39,Director:Garry Marshall,"Stars:Julia Roberts, Richard Gere, Joan Cusack, Hector Elizondo"
222,The Five-Year Engagement,2012,2012,UA,124 min,"Comedy,Drama,Romance",6.2,"99,681",$28.84M,62,Director:Nicholas Stoller,"Stars:Jason Segel, Emily Blunt, Chris Pratt, Alison Brie"
223,Intolerable Cruelty,2003,2003,PG-13,100 min,"Comedy,Crime,Romance",6.3,"98,710",$35.33M,71,"Directors:Joel Coen, Ethan Coen","Stars:George Clooney, Catherine Zeta-Jones, Billy Bob Thornton, Geoffrey Rush"
224,Election,1999,1999,UA,103 min,"Comedy,Romance",7.3,"98,612",$14.88M,83,Director:Alexander Payne,"Stars:Matthew Broderick, Reese Witherspoon, Chris Klein, Jessica Campbell"
225,Bring It On,2000,2000,PG-13,98 min,"Comedy,Romance,Sport",6.1,"98,410",$68.38M,52,Director:Peyton Reed,"Stars:Kirsten Dunst, Eliza Dushku, Jesse Bradford, Gabrielle Union"
226,She's All That,1999,1999,UA,95 min,"Comedy,Romance",5.9,"97,896",$63.37M,51,Director:Robert Iscove,"Stars:Freddie Prinze Jr., Rachael Leigh Cook, Matthew Lillard, Paul Walker"
227,Mamma Mia! Here We Go Again,2018,2018,UA,114 min,"Comedy,Musical,Romance",6.6,"97,701",$120.63M,60,Director:Ol Parker,"Stars:Lily James, Amanda Seyfried, Meryl Streep, Cher"
228,I Love You Phillip Morris,2009,2009,R,102 min,"Biography,Comedy,Crime",6.6,"96,939",$2.04M,65,"Directors:Glenn Ficarra, John Requa","Stars:Jim Carrey, Ewan McGregor, Leslie Mann, Rodrigo Santoro"
229,A Good Year,2006,2006,UA,117 min,"Comedy,Drama,Romance",6.9,"96,919",$7.46M,47,Director:Ridley Scott,"Stars:Russell Crowe, Abbie Cornish, Albert Finney, Marion Cotillard"
230,Bedtime Stories,2008,2008,U,99 min,"Adventure,Comedy,Family",6.0,"96,737",$110.10M,33,Director:Adam Shankman,"Stars:Adam Sandler, Keri Russell, Courteney Cox, Guy Pearce"
231,The Best Exotic Marigold Hotel,2011,2011,UA,124 min,"Comedy,Drama,Romance",7.2,"96,516",$46.41M,62,Director:John Madden,"Stars:Judi Dench, Bill Nighy, Maggie Smith, Tom Wilkinson"
232,Romancing the Stone,1984,1984,U,106 min,"Action,Adventure,Comedy",6.9,"96,414",$76.57M,63,Director:Robert Zemeckis,"Stars:Michael Douglas, Kathleen Turner, Danny DeVito, Zack Norman"
233,The Duff,2015,2015,UA,101 min,"Comedy,Romance",6.4,"96,252",$34.02M,56,Director:Ari Sandel,"Stars:Mae Whitman, Bella Thorne, Robbie Amell, Allison Janney"
234,Grosse Pointe Blank,1997,1997,U,107 min,"Action,Comedy,Crime",7.3,"95,853",$28.01M,76,Director:George Armitage,"Stars:John Cusack, Minnie Driver, Dan Aykroyd, Joan Cusack"
235,Sing Street,2016,2016,PG-13,106 min,"Comedy,Drama,Music",7.9,"95,609",$3.24M,79,Director:John Carney,"Stars:Ferdia Walsh-Peelo, Aidan Gillen, Maria Doyle Kennedy, Jack Reynor"
236,Out of Sight,1998,1998,UA,123 min,"Comedy,Crime,Drama",7.0,"94,421",$37.56M,85,Director:Steven Soderbergh,"Stars:George Clooney, Jennifer Lopez, Ving Rhames, Steve Zahn"
237,Leyla ile Mecnun,2011,2023,,80 min,"Adventure,Comedy,Drama",9.1,"94,276",,,,"Stars:Ali Atay, Serkan Keskin, Osman Sonant, Ahmet Mümtaz Taylan"
238,It's Complicated,2009,2009,A,121 min,"Comedy,Drama,Romance",6.5,"94,136",$112.74M,57,Director:Nancy Meyers,"Stars:Meryl Streep, Steve Martin, Alec Baldwin, John Krasinski"
239,Risky Business,1983,1983,A,99 min,"Comedy,Crime,Drama",6.8,"93,532",$63.50M,75,Director:Paul Brickman,"Stars:Tom Cruise, Rebecca De Mornay, Joe Pantoliano, Richard Masur"
240,Nick and Norah's Infinite Playlist,2008,2008,PG-13,90 min,"Comedy,Drama,Music",6.6,"93,368",$31.49M,64,Director:Peter Sollett,"Stars:Michael Cera, Kat Dennings, Aaron Yoo, Rafi Gavron"
241,Secretary,2002,2002,A,107 min,"Comedy,Drama,Romance",6.9,"93,110",$4.06M,63,Director:Steven Shainberg,"Stars:James Spader, Maggie Gyllenhaal, Jeremy Davies, Lesley Ann Warren"
242,The Heartbreak Kid,2007,2007,UA,116 min,"Comedy,Romance",5.8,"93,062",$36.79M,46,"Directors:Bobby Farrelly, Peter Farrelly","Stars:Ben Stiller, Michelle Monaghan, Malin Akerman, Jerry Stiller"
243,Beginners,2010,2010,R,105 min,"Comedy,Drama,Romance",7.2,"92,908",$5.79M,81,Director:Mike Mills,"Stars:Ewan McGregor, Christopher Plummer, Mélanie Laurent, Goran Visnjic"
244,Killers,2010,2010,PG-13,100 min,"Action,Comedy,Romance",5.4,"92,894",$47.06M,21,Director:Robert Luketic,"Stars:Katherine Heigl, Ashton Kutcher, Tom Selleck, Catherine O'Hara"
245,Never Been Kissed,1999,1999,UA,107 min,"Comedy,Drama,Romance",6.0,"92,385",$55.47M,60,Director:Raja Gosnell,"Stars:Drew Barrymore, David Arquette, Michael Vartan, Molly Shannon"
246,Submarine,2010,2010,R,97 min,"Comedy,Drama,Romance",7.3,"92,090",$0.47M,76,Director:Richard Ayoade,"Stars:Craig Roberts, Sally Hawkins, Paddy Considine, Noah Taylor"
247,Say Anything...,1989,1989,U,100 min,"Comedy,Drama,Romance",7.3,"91,806",$20.78M,85,Director:Cameron Crowe,"Stars:John Cusack, Ione Skye, John Mahoney, Lili Taylor"
248,Flipped,2010,2010,PG,90 min,"Comedy,Drama,Romance",7.7,"91,635",$1.75M,45,Director:Rob Reiner,"Stars:Madeline Carroll, Callan McAuliffe, Rebecca De Mornay, Anthony Edwards"
249,Good Luck Chuck,2007,2007,A,101 min,"Comedy,Romance",5.6,"91,590",$34.93M,19,Director:Mark Helfrich,"Stars:Dane Cook, Jessica Alba, Dan Fogler, Connor Price"
250,Maid in Manhattan,2002,2002,A,105 min,"Comedy,Drama,Romance",5.3,"91,427",$94.01M,45,Director:Wayne Wang,"Stars:Jennifer Lopez, Ralph Fiennes, Natasha Richardson, Stanley Tucci"
251,Weird Science,1985,1985,Not Rated,94 min,"Comedy,Romance,Sci-Fi",6.6,"91,170",$23.83M,46,Director:John Hughes,"Stars:Anthony Michael Hall, Ilan Mitchell-Smith, Kelly LeBrock, Bill Paxton"
252,Ghosts of Girlfriends Past,2009,2009,PG-13,115 min,"Comedy,Fantasy,Romance",5.8,"91,121",$55.25M,34,Director:Mark Waters,"Stars:Matthew McConaughey, Jennifer Garner, Emma Stone, Michael Douglas"
253,The O.C.,2003,2007,18,44 min,"Comedy,Drama,Romance",7.5,"90,932",,,,"Stars:Mischa Barton, Adam Brody, Peter Gallagher, Kelly Rowan"
254,Mike and Dave Need Wedding Dates,2016,2016,R,98 min,"Comedy,Romance",6.0,"90,766",$46.01M,51,Director:Jake Szymanski,"Stars:Zac Efron, Adam Devine, Anna Kendrick, Aubrey Plaza"
255,High School Musical,2006,2006,U,98 min,"Comedy,Drama,Family",5.5,"90,284",,,Director:Kenny Ortega,"Stars:Zac Efron, Vanessa Hudgens, Ashley Tisdale, Lucas Grabeel"
256,How to Be Single,2016,2016,A,110 min,"Comedy,Drama,Romance",6.1,"89,861",$46.84M,51,Director:Christian Ditter,"Stars:Dakota Johnson, Rebel Wilson, Leslie Mann, Alison Brie"
257,A Cinderella Story,2004,2004,U,95 min,"Comedy,Family,Romance",5.9,"89,368",$51.44M,25,Director:Mark Rosman,"Stars:Hilary Duff, Chad Michael Murray, Jennifer Coolidge, Dan Byrd"
258,Confessions of a Dangerous Mind,2002,2002,R,113 min,"Biography,Comedy,Crime",7.0,"89,274",$16.00M,67,Director:George Clooney,"Stars:Sam Rockwell, Drew Barrymore, George Clooney, Julia Roberts"
259,Stuck in Love,2012,2012,UA 16+,97 min,"Comedy,Drama,Romance",7.2,"88,931",$0.08M,49,Director:Josh Boone,"Stars:Greg Kinnear, Jennifer Connelly, Lily Collins, Nat Wolff"
260,To Rome with Love,2012,2012,A,112 min,"Comedy,Music,Romance",6.3,"88,733",$16.69M,54,Director:Woody Allen,"Stars:Woody Allen, Penélope Cruz, Jesse Eisenberg, Elliot Page"
261,Sex Drive,2008,2008,18,109 min,"Comedy,Romance",6.5,"88,659",$8.40M,49,Director:Sean Anders,"Stars:Josh Zuckerman, Clark Duke, Amanda Crew, James Marsden"
262,Cashback,2006,2006,A,102 min,"Comedy,Drama,Romance",7.1,"88,113",$0.02M,54,Director:Sean Ellis,"Stars:Sean Biggerstaff, Emilia Fox, Michelle Ryan, Erica Ellis"
263,New Year's Eve,2011,2011,UA,118 min,"Comedy,Romance",5.6,"87,456",$54.54M,22,Director:Garry Marshall,"Stars:Sarah Jessica Parker, Jessica Biel, Ashton Kutcher, Michelle Pfeiffer"
264,Cocktail,1988,1988,A,104 min,"Comedy,Drama,Romance",5.9,"87,225",$78.22M,12,Director:Roger Donaldson,"Stars:Tom Cruise, Bryan Brown, Elisabeth Shue, Lisa Banes"
265,Kate & Leopold,2001,2001,U,118 min,"Comedy,Fantasy,Romance",6.4,"85,851",$47.12M,44,Director:James Mangold,"Stars:Meg Ryan, Hugh Jackman, Liev Schreiber, Breckin Meyer"
266,The Kissing Booth,2018,2018,16,105 min,"Comedy,Romance",5.9,"85,805",,,Director:Vince Marcello,"Stars:Joey King, Jacob Elordi, Joel Courtney, Megan du Plessis"
267,Frances Ha,2012,2012,R,86 min,"Comedy,Drama,Romance",7.4,"85,643",$4.06M,82,Director:Noah Baumbach,"Stars:Greta Gerwig, Mickey Sumner, Adam Driver, Michael Zegen"
268,Spanglish,2004,2004,PG-13,131 min,"Comedy,Drama,Romance",6.4,"85,140",$42.04M,48,Director:James L. Brooks,"Stars:Adam Sandler, Téa Leoni, Paz Vega, Cloris Leachman"
269,Practical Magic,1998,1998,A,104 min,"Comedy,Drama,Fantasy",6.2,"84,963",$46.68M,46,Director:Griffin Dunne,"Stars:Sandra Bullock, Nicole Kidman, Stockard Channing, Dianne Wiest"
270,John Tucker Must Die,2006,2006,UA,89 min,"Comedy,Romance",5.7,"84,947",$41.01M,41,Director:Betty Thomas,"Stars:Jesse Metcalfe, Ashanti, Arielle Kebbel, Sophia Bush"
271,Chung Hing sam lam,1994,1994,U,102 min,"Comedy,Crime,Drama",8.0,"84,472",$0.60M,78,Director:Kar-Wai Wong,"Stars:Brigitte Lin, Takeshi Kaneshiro, Tony Chiu-Wai Leung, Faye Wong"
272,The Longest Ride,2015,2015,UA,123 min,"Comedy,Drama,Romance",7.0,"84,418",$37.45M,33,Director:George Tillman Jr.,"Stars:Scott Eastwood, Britt Robertson, Alan Alda, Jack Huston"
273,Trolls,2016,2016,U,92 min,"Animation,Adventure,Comedy",6.4,"83,785",$153.71M,55,"Directors:Mike Mitchell, Walt Dohrn","Stars:Anna Kendrick, Justin Timberlake, Zooey Deschanel, Christopher Mintz-Plasse"
274,Pretty in Pink,1986,1986,UA,97 min,"Comedy,Drama,Romance",6.7,"83,344",$40.47M,56,Director:Howard Deutch,"Stars:Molly Ringwald, Jon Cryer, Harry Dean Stanton, Annie Potts"
275,Paterson,2016,2016,R,118 min,"Comedy,Drama,Romance",7.3,"83,292",$2.14M,90,Director:Jim Jarmusch,"Stars:Adam Driver, Golshifteh Farahani, Nellie, Rizwan Manji"
276,The Princess Diaries 2: Royal Engagement,2004,2004,U,113 min,"Comedy,Family,Romance",5.8,"83,162",$95.17M,43,Director:Garry Marshall,"Stars:Anne Hathaway, Callum Blue, Julie Andrews, Hector Elizondo"
277,My Girl,1991,1991,U,102 min,"Comedy,Drama,Family",6.9,"83,005",$59.85M,56,Director:Howard Zieff,"Stars:Anna Chlumsky, Macaulay Culkin, Dan Aykroyd, Jamie Lee Curtis"
278,Barfi!,2012,2012,U,151 min,"Comedy,Drama,Romance",8.1,"82,964",$2.80M,,Director:Anurag Basu,"Stars:Ranbir Kapoor, Priyanka Chopra Jonas, Ileana D'Cruz, Saurabh Shukla"
279,Last Christmas,2019,2019,UA,103 min,"Comedy,Drama,Fantasy",6.5,"82,645",$35.15M,50,Director:Paul Feig,"Stars:Madison Ingoldsby, Emma Thompson, Boris Isakovic, Lucy Miller"
280,The Wedding Planner,2001,2001,U,103 min,"Comedy,Romance",5.3,"82,366",$60.40M,33,Director:Adam Shankman,"Stars:Jennifer Lopez, Matthew McConaughey, Bridgette Wilson-Sampras, Justin Chambers"
281,What's Your Number?,2011,2011,A,106 min,"Comedy,Romance",6.0,"82,254",$14.01M,35,Director:Mark Mylod,"Stars:Anna Faris, Chris Evans, Ari Graynor, Blythe Danner"
282,"You, Me and Dupree",2006,2006,A,110 min,"Comedy,Romance",5.6,"82,225",$75.63M,46,"Directors:Anthony Russo, Joe Russo","Stars:Kate Hudson, Owen Wilson, Matt Dillon, Michael Douglas"
283,Failure to Launch,2006,2006,U,97 min,"Comedy,Romance",5.6,"81,961",$88.72M,47,Director:Tom Dey,"Stars:Matthew McConaughey, Sarah Jessica Parker, Kathy Bates, Terry Bradshaw"
284,Big Mouth,2017,2017,18+,30 min,"Animation,Comedy,Romance",7.9,"81,515",,,,"Stars:Nick Kroll, John Mulaney, Jessi Klein, Jason Mantzoukas"
285,Fool's Gold,2008,2008,PG-13,112 min,"Action,Adventure,Comedy",5.7,"81,039",$70.23M,29,Director:Andy Tennant,"Stars:Matthew McConaughey, Kate Hudson, Donald Sutherland, Alexis Dziena"
286,Sex and the City 2,2010,2010,A,146 min,"Comedy,Drama,Romance",4.5,"80,872",$95.35M,27,Director:Michael Patrick King,"Stars:Sarah Jessica Parker, Kim Cattrall, Kristin Davis, Cynthia Nixon"
287,Morning Glory,2010,2010,PG-13,107 min,"Comedy,Drama,Romance",6.5,"79,895",$31.01M,57,Director:Roger Michell,"Stars:Rachel McAdams, Harrison Ford, Diane Keaton, Noah Bean"
288,George of the Jungle,1997,1997,PG,92 min,"Action,Adventure,Comedy",5.5,"79,807",$105.26M,53,Director:Sam Weisman,"Stars:Brendan Fraser, Leslie Mann, Thomas Haden Church, Richard Roundtree"
289,Youth,2015,2015,R,124 min,"Comedy,Drama,Music",7.3,"79,755",$2.70M,64,Director:Paolo Sorrentino,"Stars:Michael Caine, Harvey Keitel, Rachel Weisz, Jane Fonda"
290,Zindagi Na Milegi Dobara,2011,2011,U,155 min,"Comedy,Drama,Musical",8.2,"79,692",$3.11M,,Director:Zoya Akhtar,"Stars:Hrithik Roshan, Farhan Akhtar, Abhay Deol, Katrina Kaif"
291,Confessions of a Shopaholic,2009,2009,U,104 min,"Comedy,Romance",5.8,"79,597",$44.28M,38,Director:P.J. Hogan,"Stars:Isla Fisher, Hugh Dancy, Krysten Ritter, Joan Cusack"
292,Six Days Seven Nights,1998,1998,U,102 min,"Action,Adventure,Comedy",5.9,"79,552",$74.33M,51,Director:Ivan Reitman,"Stars:Harrison Ford, Anne Heche, David Schwimmer, Jacqueline Obradors"
293,Charade,1963,1963,U,113 min,"Comedy,Mystery,Romance",7.9,"79,377",$13.47M,83,Director:Stanley Donen,"Stars:Cary Grant, Audrey Hepburn, Walter Matthau, James Coburn"
294,Rock of Ages,2012,2012,A,123 min,"Comedy,Drama,Musical",5.9,"79,332",$38.52M,47,Director:Adam Shankman,"Stars:Julianne Hough, Diego Boneta, Tom Cruise, Alec Baldwin"
295,Father of the Bride,1991,1991,U,105 min,"Comedy,Family,Romance",6.5,"79,022",$89.33M,51,Director:Charles Shyer,"Stars:Steve Martin, Diane Keaton, Martin Short, Kimberly Williams-Paisley"
296,Little Shop of Horrors,1986,1986,UA,94 min,"Comedy,Horror,Musical",7.1,"78,971",$38.75M,81,Director:Frank Oz,"Stars:Rick Moranis, Ellen Greene, Vincent Gardenia, Levi Stubbs"
297,The F Word,2013,2013,PG-13,98 min,"Comedy,Romance",6.8,"78,878",$3.45M,59,Director:Michael Dowse,"Stars:Daniel Radcliffe, Zoe Kazan, Megan Park, Adam Driver"
298,Splash,1984,1984,U,111 min,"Comedy,Fantasy,Romance",6.3,"78,658",$62.10M,71,Director:Ron Howard,"Stars:Tom Hanks, Daryl Hannah, Eugene Levy, John Candy"
299,Harold and Maude,1971,1971,,91 min,"Comedy,Drama,Romance",7.9,"78,500",,62,Director:Hal Ashby,"Stars:Ruth Gordon, Bud Cort, Vivian Pickles, Cyril Cusack"
300,Café Society,2016,2016,PG-13,96 min,"Comedy,Drama,Romance",6.6,"78,210",$11.10M,64,Director:Woody Allen,"Stars:Jesse Eisenberg, Kristen Stewart, Steve Carell, Blake Lively"
301,Wanderlust,2012,2012,18,98 min,"Comedy,Romance",5.6,"78,190",$17.23M,53,Director:David Wain,"Stars:Jennifer Aniston, Paul Rudd, Malin Akerman, Justin Theroux"
302,Ever After,1998,1998,U,121 min,"Comedy,Drama,Romance",7.1,"77,279",$65.71M,66,Director:Andy Tennant,"Stars:Drew Barrymore, Anjelica Huston, Dougray Scott, Patrick Godfrey"
303,Bridget Jones's Baby,2016,2016,A,123 min,"Comedy,Drama,Romance",6.5,"77,230",$24.25M,59,Director:Sharon Maguire,"Stars:Renée Zellweger, Gemma Jones, Jim Broadbent, Sally Phillips"
304,Deuce Bigalow: Male Gigolo,1999,1999,A,88 min,"Comedy,Romance",5.7,"76,520",$65.54M,30,Director:Mike Mitchell,"Stars:Rob Schneider, William Forsythe, Eddie Griffin, Arija Bareikis"
305,No Reservations,2007,2007,PG,104 min,"Comedy,Drama,Romance",6.3,"75,954",$43.11M,50,Director:Scott Hicks,"Stars:Catherine Zeta-Jones, Aaron Eckhart, Abigail Breslin, Patricia Clarkson"
306,Norbit,2007,2007,PG-13,103 min,"Comedy,Romance",4.1,"75,621",$95.67M,27,Director:Brian Robbins,"Stars:Eddie Murphy, Thandiwe Newton, Terry Crews, Clifton Powell"
307,Four Christmases,2008,2008,UA,88 min,"Comedy,Drama,Romance",5.7,"75,508",$120.15M,41,Director:Seth Gordon,"Stars:Reese Witherspoon, Vince Vaughn, Mary Steenburgen, Robert Duvall"
308,Trois couleurs: Blanc,1994,1994,U,92 min,"Comedy,Drama,Romance",7.6,"74,939",$1.46M,88,Director:Krzysztof Kieslowski,"Stars:Zbigniew Zamachowski, Julie Delpy, Janusz Gajos, Jerzy Stuhr"
309,Whatever Works,2009,2009,PG-13,93 min,"Comedy,Romance",7.1,"74,887",$5.31M,45,Director:Woody Allen,"Stars:Evan Rachel Wood, Larry David, Henry Cavill, Adam Brooks"
310,Youth in Revolt,2009,2009,R,90 min,"Comedy,Drama,Romance",6.5,"74,882",$15.28M,63,Director:Miguel Arteta,"Stars:Michael Cera, Portia Doubleday, Jean Smart, Zach Galifianakis"
311,Ghost Town,2008,2008,PG-13,102 min,"Comedy,Drama,Fantasy",6.7,"74,697",$13.21M,72,Director:David Koepp,"Stars:Ricky Gervais, Greg Kinnear, Téa Leoni, Jordan Carlos"
312,40 Days and 40 Nights,2002,2002,A,96 min,"Comedy,Romance",5.6,"74,184",$37.95M,53,Director:Michael Lehmann,"Stars:Josh Hartnett, Shannyn Sossamon, Paulo Costanzo, Adam Trese"
313,What to Expect When You're Expecting,2012,2012,A,110 min,"Comedy,Drama,Romance",5.7,"73,812",$41.15M,41,Director:Kirk Jones,"Stars:Cameron Diaz, Matthew Morrison, J. Todd Smith, Dennis Quaid"
314,Coolie No. 1,2020,2020,UA,134 min,"Action,Comedy,Romance",4.2,"73,700",,,Director:David Dhawan,"Stars:Varun Dhawan, Sara Ali Khan, Paresh Rawal, Jaaved Jaaferi"
315,Bewitched,2005,2005,UA,102 min,"Comedy,Fantasy,Romance",4.8,"73,256",$62.25M,34,Director:Nora Ephron,"Stars:Nicole Kidman, Will Ferrell, Shirley MacLaine, Michael Caine"
316,"Paris, je t'aime",2006,2006,R,120 min,"Comedy,Drama,Romance",7.2,"73,150",$4.86M,66,"Directors:Olivier Assayas, Frédéric Auburtin, Gurinder Chadha, Sylvain Chomet, Ethan Coen, Joel Coen, Isabel Coixet, Wes Craven, Alfonso Cuarón, Gérard Depardieu, Christopher Doyle, Richard LaGravenese, Vincenzo Natali, Alexander Payne, Bruno Podalydès, Walter Salles, Oliver Schmitz, Nobuhiro Suwa, Daniela Thomas, Tom Tykwer, Gus Van Sant","Stars:Juliette Binoche, Leonor Watling, Ludivine Sagnier, Fanny Ardant"
317,Band Camp,2005,2005,R,87 min,"Comedy,Music,Romance",5.0,"73,059",,,Director:Steve Rash,"Stars:Eugene Levy, Tad Hilgenbrink, Arielle Kebbel, Jason Earles"
318,Made of Honor,2008,2008,A,101 min,"Comedy,Romance",5.8,"73,048",$46.01M,37,Director:Paul Weiland,"Stars:Patrick Dempsey, Michelle Monaghan, Kevin McKidd, Kadeem Hardison"
319,The Book of Life,2014,2014,PG,95 min,"Animation,Adventure,Comedy",7.2,"73,031",$50.15M,67,Director:Jorge R. Gutiérrez,"Stars:Diego Luna, Zoe Saldana, Channing Tatum, Ron Perlman"
320,Dil Chahta Hai,2001,2001,Unrated,183 min,"Comedy,Drama,Romance",8.1,"72,986",$0.30M,,Director:Farhan Akhtar,"Stars:Aamir Khan, Saif Ali Khan, Akshaye Khanna, Preity Zinta"
321,Anomalisa,2015,2015,R,90 min,"Animation,Comedy,Drama",7.2,"72,743",$3.76M,88,"Directors:Duke Johnson, Charlie Kaufman","Stars:David Thewlis, Jennifer Jason Leigh, Tom Noonan"
322,Verdens verste menneske,2021,2021,R,128 min,"Comedy,Drama,Romance",7.8,"72,083",,90,Director:Joachim Trier,"Stars:Renate Reinsve, Anders Danielsen Lie, Herbert Nordrum, Hans Olav Brenner"
323,Just Married,2003,2003,UA,95 min,"Comedy,Romance",5.4,"71,923",$56.13M,28,Director:Shawn Levy,"Stars:Ashton Kutcher, Brittany Murphy, Christian Kane, David Moscow"
324,The First Time,2012,2012,PG-13,95 min,"Comedy,Drama,Romance",6.8,"71,709",$0.02M,55,Director:Jonathan Kasdan,"Stars:Dylan O'Brien, Britt Robertson, Victoria Justice, James Frecheville"
325,Zoolander 2,2016,2016,U,101 min,"Action,Adventure,Comedy",4.7,"71,620",$28.85M,34,Director:Ben Stiller,"Stars:Ben Stiller, Owen Wilson, Penélope Cruz, Will Ferrell"
326,Two Night Stand,2014,2014,A,86 min,"Comedy,Romance",6.3,"71,472",$0.02M,45,Director:Max Nichols,"Stars:Miles Teller, Lio Tipton, Jessica Szohr, Kid Cudi"
327,Elizabethtown,2005,2005,PG-13,123 min,"Comedy,Drama,Romance",6.3,"70,961",$26.84M,45,Director:Cameron Crowe,"Stars:Orlando Bloom, Kirsten Dunst, Susan Sarandon, Alec Baldwin"
328,Isn't It Romantic,2019,2019,PG-13,89 min,"Comedy,Fantasy,Musical",5.9,"70,943",$48.79M,60,Director:Todd Strauss-Schulson,"Stars:Rebel Wilson, Liam Hemsworth, Adam Devine, Priyanka Chopra Jonas"
329,Jeux d'enfants,2003,2003,R,93 min,"Comedy,Drama,Romance",7.5,"70,760",$0.55M,45,Director:Yann Samuell,"Stars:Guillaume Canet, Marion Cotillard, Thibault Verhaeghe, Joséphine Lebas-Joly"
330,Kal Ho Naa Ho,2003,2003,U,186 min,"Comedy,Drama,Musical",7.9,"70,484",$1.79M,54,Director:Nikkhil Advani,"Stars:Preity Zinta, Shah Rukh Khan, Saif Ali Khan, Jaya Bachchan"
331,The Philadelphia Story,1940,1940,,112 min,"Comedy,Romance",7.9,"70,369",,96,Director:George Cukor,"Stars:Cary Grant, Katharine Hepburn, James Stewart, Ruth Hussey"
332,The Family Stone,2005,2005,U,103 min,"Comedy,Drama,Romance",6.3,"70,268",$60.06M,56,Director:Thomas Bezucha,"Stars:Dermot Mulroney, Sarah Jessica Parker, Claire Danes, Diane Keaton"
333,Ella Enchanted,2004,2004,U,96 min,"Comedy,Family,Fantasy",6.3,"70,098",$22.92M,53,Director:Tommy O'Haver,"Stars:Anne Hathaway, Hugh Dancy, Cary Elwes, Joanna Lumley"
334,Junior,1994,1994,U,109 min,"Comedy,Romance,Sci-Fi",4.7,"70,033",$36.76M,59,Director:Ivan Reitman,"Stars:Arnold Schwarzenegger, Danny DeVito, Emma Thompson, Frank Langella"
335,How to Lose Friends & Alienate People,2008,2008,R,110 min,"Biography,Comedy,Drama",6.4,"69,957",$2.78M,35,Director:Robert B. Weide,"Stars:Simon Pegg, Kirsten Dunst, Megan Fox, Kelan Guy"
336,Holidate,2020,2020,16,104 min,"Comedy,Romance",6.1,"69,854",,44,Director:John Whitesell,"Stars:Emma Roberts, Luke Bracey, Kristin Chenoweth, Frances Fisher"
337,A Lot Like Love,2005,2005,U,107 min,"Comedy,Drama,Romance",6.6,"69,838",$21.84M,48,Director:Nigel Cole,"Stars:Ashton Kutcher, Amanda Peet, Taryn Manning, Aimee Garcia"
338,La science des rêves,2006,2006,R,105 min,"Comedy,Drama,Fantasy",7.2,"69,740",$4.66M,70,Director:Michel Gondry,"Stars:Gael García Bernal, Charlotte Gainsbourg, Miou-Miou, Alain Chabat"
339,The Lion King II: Simba's Pride,1998,1998,,81 min,"Animation,Adventure,Comedy",6.4,"69,644",,,"Directors:Darrell Rooney, Rob LaDuca","Stars:Matthew Broderick, Neve Campbell, Andy Dick, Robert Guillaume"
340,Bandits,2001,2001,PG-13,123 min,"Comedy,Crime,Drama",6.5,"68,922",$41.58M,60,Director:Barry Levinson,"Stars:Bruce Willis, Billy Bob Thornton, Cate Blanchett, Troy Garity"
341,Magic in the Moonlight,2014,2014,PG-13,97 min,"Comedy,Drama,Romance",6.5,"68,667",$10.51M,54,Director:Woody Allen,"Stars:Colin Firth, Emma Stone, Marcia Gay Harden, Hamish Linklater"
342,Run Fatboy Run,2007,2007,PG-13,100 min,"Comedy,Romance,Sport",6.5,"68,590",$6.00M,48,Director:David Schwimmer,"Stars:Simon Pegg, Thandiwe Newton, Hank Azaria, Dylan Moran"
343,Larry Crowne,2011,2011,UA,98 min,"Comedy,Drama,Romance",6.1,"68,417",$35.61M,41,Director:Tom Hanks,"Stars:Tom Hanks, Julia Roberts, Sarah Mahoney, Roxana Ortega"
344,Sliding Doors,1998,1998,,99 min,"Comedy,Drama,Fantasy",6.7,"68,297",$11.88M,59,Director:Peter Howitt,"Stars:Gwyneth Paltrow, John Hannah, John Lynch, Jeanne Tripplehorn"
345,Aloha,2015,2015,PG-13,105 min,"Comedy,Drama,Romance",5.4,"67,812",$20.99M,40,Director:Cameron Crowe,"Stars:Bradley Cooper, Rachel McAdams, Emma Stone, Alec Baldwin"
346,Toki o kakeru shôjo,2006,2006,U,98 min,"Animation,Adventure,Comedy",7.7,"67,353",,,Director:Mamoru Hosoda,"Stars:Riisa Naka, Takuya Ishida, Mitsutaka Itakura, Ayami Kakiuchi"
347,Jersey Girl,2004,2004,UA,102 min,"Comedy,Drama,Romance",6.2,"67,161",$25.27M,43,Director:Kevin Smith,"Stars:Ben Affleck, Liv Tyler, Raquel Castro, Betty Aberlin"
348,Blast from the Past,1999,1999,UA,112 min,"Comedy,Drama,Romance",6.7,"67,020",$26.49M,48,Director:Hugh Wilson,"Stars:Brendan Fraser, Alicia Silverstone, Christopher Walken, Sissy Spacek"
349,Sabrina,1954,1954,,113 min,"Comedy,Drama,Romance",7.6,"66,310",,72,Director:Billy Wilder,"Stars:Humphrey Bogart, Audrey Hepburn, William Holden, Walter Hampden"
350,Charlie Bartlett,2007,2007,R,97 min,"Comedy,Drama,Romance",6.9,"65,634",$3.95M,54,Director:Jon Poll,"Stars:Anton Yelchin, Robert Downey Jr., Hope Davis, Kat Dennings"
351,Salmon Fishing in the Yemen,2011,2011,UA,107 min,"Comedy,Drama,Romance",6.8,"65,507",$9.03M,58,Director:Lasse Hallström,"Stars:Ewan McGregor, Emily Blunt, Amr Waked, Kristin Scott Thomas"
352,My Super Ex-Girlfriend,2006,2006,PG-13,96 min,"Comedy,Romance,Sci-Fi",5.2,"65,183",$22.53M,50,Director:Ivan Reitman,"Stars:Uma Thurman, Luke Wilson, Anna Faris, Rainn Wilson"
353,Wimbledon,2004,2004,PG-13,98 min,"Comedy,Romance,Sport",6.3,"64,872",$17.00M,59,Director:Richard Loncraine,"Stars:Kirsten Dunst, Paul Bettany, Jon Favreau, Sam Neill"
354,Irrational Man,2015,2015,R,95 min,"Comedy,Crime,Drama",6.6,"64,158",$4.03M,53,Director:Woody Allen,"Stars:Joaquin Phoenix, Emma Stone, Parker Posey, Joe Stapleton"
355,Penelope,2006,2006,U,104 min,"Comedy,Fantasy,Romance",6.7,"64,147",$10.01M,48,Director:Mark Palansky,"Stars:Christina Ricci, James McAvoy, Reese Witherspoon, Richard E. Grant"
356,High School Musical 3: Senior Year,2008,2008,U,112 min,"Comedy,Drama,Family",4.9,"63,945",$90.56M,57,Director:Kenny Ortega,"Stars:Zac Efron, Vanessa Hudgens, Ashley Tisdale, Lucas Grabeel"
357,What a Girl Wants,2003,2003,U,105 min,"Comedy,Drama,Family",5.8,"63,918",$35.99M,41,Director:Dennie Gordon,"Stars:Amanda Bynes, Colin Firth, Kelly Preston, Soleil McGhee"
358,Enough Said,2013,2013,PG-13,93 min,"Comedy,Drama,Romance",7.0,"63,785",$17.54M,78,Director:Nicole Holofcener,"Stars:Julia Louis-Dreyfus, James Gandolfini, Catherine Keener, Toni Collette"
359,Steins;Gate,2011,2015,16,24 min,"Animation,Comedy,Drama",8.8,"63,690",,,,"Stars:Mamoru Miyano, Asami Imai, Kana Hanazawa, Ashly Burch"
360,Something Borrowed,2011,2011,PG-13,112 min,"Comedy,Drama,Romance",5.8,"63,147",$39.05M,36,Director:Luke Greenfield,"Stars:Ginnifer Goodwin, Kate Hudson, Colin Egglesfield, John Krasinski"
361,In Her Shoes,2005,2005,UA,130 min,"Comedy,Drama,Romance",6.5,"63,064",$32.88M,60,Director:Curtis Hanson,"Stars:Toni Collette, Cameron Diaz, Shirley MacLaine, Anson Mount"
362,When in Rome,2010,2010,PG-13,91 min,"Comedy,Romance",5.5,"63,043",$32.67M,25,Director:Mark Steven Johnson,"Stars:Kristen Bell, Josh Duhamel, Anjelica Huston, Danny DeVito"
363,Dick Tracy,1990,1990,U,105 min,"Action,Comedy,Crime",6.2,"62,915",$103.74M,68,Director:Warren Beatty,"Stars:Warren Beatty, Madonna, Al Pacino, Charlie Korsmo"
364,Monster-in-Law,2005,2005,PG-13,101 min,"Comedy,Romance",5.5,"62,765",$82.93M,31,Director:Robert Luketic,"Stars:Jennifer Lopez, Michael Vartan, Jane Fonda, Wanda Sykes"
365,Zookeeper,2011,2011,U,102 min,"Comedy,Family,Fantasy",5.2,"62,360",$80.36M,30,Director:Frank Coraci,"Stars:Kevin James, Rosario Dawson, Leslie Bibb, Ken Jeong"
366,Overboard,1987,1987,U,112 min,"Comedy,Romance",6.9,"61,990",$26.71M,53,Director:Garry Marshall,"Stars:Goldie Hawn, Kurt Russell, Edward Herrmann, Katherine Helmond"
367,High School Musical 2,2007,2007,U,104 min,"Comedy,Drama,Family",5.1,"61,930",,,Director:Kenny Ortega,"Stars:Zac Efron, Vanessa Hudgens, Ashley Tisdale, Lucas Grabeel"
368,The Sisterhood of the Traveling Pants,2005,2005,U,119 min,"Comedy,Drama,Romance",6.5,"61,776",$39.01M,66,Director:Ken Kwapis,"Stars:Amber Tamblyn, Alexis Bledel, America Ferrera, Blake Lively"
369,A Night at the Roxbury,1998,1998,UA,82 min,"Comedy,Music,Romance",6.2,"61,683",$30.32M,26,Director:John Fortenberry,"Stars:Chris Kattan, Will Ferrell, Raquel Gardner, Viveca Paulin"
370,Moonstruck,1987,1987,UA,102 min,"Comedy,Drama,Romance",7.1,"61,546",$80.64M,83,Director:Norman Jewison,"Stars:Cher, Nicolas Cage, Olympia Dukakis, Danny Aiello"
371,The Nanny Diaries,2007,2007,PG-13,106 min,"Comedy,Drama,Romance",6.2,"60,876",$25.93M,46,"Directors:Shari Springer Berman, Robert Pulcini","Stars:Scarlett Johansson, Laura Linney, Paul Giamatti, Donna Murphy"
372,Date Movie,2006,2006,A,83 min,"Comedy,Romance",2.8,"60,046",$48.55M,11,"Directors:Aaron Seltzer, Jason Friedberg","Stars:Alyson Hannigan, Adam Campbell, Fred Willard, Jennifer Coolidge"
373,The Last Man on Earth,2015,2015,,22 min,"Action,Comedy,Drama",7.3,"59,872",,,,"Stars:Will Forte, January Jones, Cleopatra Coleman, Kristen Schaal"
374,The Sweetest Thing,2002,2002,A,84 min,"Comedy,Romance",5.1,"59,841",$24.72M,32,Director:Roger Kumble,"Stars:Cameron Diaz, Thomas Jane, Christina Applegate, Lillian Adams"
375,His Girl Friday,1940,1940,,92 min,"Comedy,Drama,Romance",7.8,"59,831",$0.30M,,Director:Howard Hawks,"Stars:Cary Grant, Rosalind Russell, Ralph Bellamy, Gene Lockhart"
376,Before We Go,2014,2014,UA,95 min,"Comedy,Drama,Romance",6.8,"59,478",$0.04M,31,Director:Chris Evans,"Stars:Chris Evans, Alice Eve, Emma Fitzpatrick, John Cullum"
377,Benny & Joon,1993,1993,UA,98 min,"Comedy,Drama,Romance",7.1,"59,424",$23.20M,57,Director:Jeremiah S. Chechik,"Stars:Johnny Depp, Mary Stuart Masterson, Aidan Quinn, Julianne Moore"
378,Rumor Has It...,2005,2005,UA,97 min,"Comedy,Drama,Romance",5.5,"59,321",$43.00M,35,Director:Rob Reiner,"Stars:Jennifer Aniston, Mark Ruffalo, Shirley MacLaine, Kevin Costner"
379,Drinking Buddies,2013,2013,R,90 min,"Comedy,Drama,Romance",6.1,"59,272",$0.34M,71,Director:Joe Swanberg,"Stars:Olivia Wilde, Jake Johnson, Anna Kendrick, Ron Livingston"
380,Going the Distance,2010,2010,R,103 min,"Comedy,Romance",6.3,"58,892",$17.80M,51,Director:Nanette Burstein,"Stars:Drew Barrymore, Justin Long, Ron Livingston, Charlie Day"
381,The Jewel of the Nile,1985,1985,U,106 min,"Action,Adventure,Comedy",6.1,"58,675",$75.97M,53,Director:Lewis Teague,"Stars:Michael Douglas, Kathleen Turner, Danny DeVito, Spyros Fokas"
382,En man som heter Ove,2015,2015,PG-13,116 min,"Comedy,Drama,Romance",7.7,"58,637",$3.36M,70,Director:Hannes Holm,"Stars:Rolf Lassgård, Bahar Pars, Filip Berg, Ida Engvoll"
383,Working Girl,1988,1988,UA,113 min,"Comedy,Drama,Romance",6.8,"58,599",$64.00M,73,Director:Mike Nichols,"Stars:Melanie Griffith, Harrison Ford, Sigourney Weaver, Alec Baldwin"
384,America's Sweethearts,2001,2001,PG-13,102 min,"Comedy,Romance",5.7,"58,590",$93.61M,44,Director:Joe Roth,"Stars:Julia Roberts, John Cusack, Billy Crystal, Catherine Zeta-Jones"
385,Wet Hot American Summer,2001,2001,R,97 min,"Comedy,Romance",6.5,"58,533",$0.29M,42,Director:David Wain,"Stars:Janeane Garofalo, David Hyde Pierce, Michael Showalter, Marguerite Moreau"
386,Pride,2014,2014,R,119 min,"Biography,Comedy,Drama",7.8,"58,451",,79,Director:Matthew Warchus,"Stars:Bill Nighy, Imelda Staunton, Dominic West, Paddy Considine"
387,The American President,1995,1995,U,114 min,"Comedy,Drama,Romance",6.8,"58,339",$65.00M,67,Director:Rob Reiner,"Stars:Michael Douglas, Annette Bening, Martin Sheen, Michael J. Fox"
388,Just My Luck,2006,2006,U,108 min,"Comedy,Fantasy,Romance",5.4,"58,247",$17.32M,29,Director:Donald Petrie,"Stars:Lindsay Lohan, Chris Pine, Samaire Armstrong, Bree Turner"
389,Neko no ongaeshi,2002,2002,G,75 min,"Animation,Adventure,Comedy",7.1,"58,169",,70,Director:Hiroyuki Morita,"Stars:Chizuru Ikewaki, Yoshihiko Hakamada, Aki Maeda, Takayuki Yamada"
390,Always Be My Maybe,2019,2019,13,101 min,"Comedy,Romance",6.8,"57,604",,64,Director:Nahnatchka Khan,"Stars:Ali Wong, Randall Park, James Saito, Michelle Buteau"
391,Pride and Prejudice and Zombies,2016,2016,PG-13,108 min,"Action,Comedy,Fantasy",5.8,"57,584",$10.91M,45,Director:Burr Steers,"Stars:Lily James, Sam Riley, Jack Huston, Bella Heathcote"
392,Pushing Daisies,2007,2009,,44 min,"Comedy,Drama,Fantasy",8.4,"57,572",,,,"Stars:Lee Pace, Anna Friel, Chi McBride, Jim Dale"
393,Steel Magnolias,1989,1989,U,117 min,"Comedy,Drama,Romance",7.3,"57,422",$83.76M,56,Director:Herbert Ross,"Stars:Shirley MacLaine, Olympia Dukakis, Sally Field, Julia Roberts"
394,Mr. Right,2015,2015,R,95 min,"Action,Comedy,Romance",6.3,"57,319",$0.03M,52,Director:Paco Cabezas,"Stars:Anna Kendrick, Sam Rockwell, Tim Roth, James Ransone"
395,Empire Records,1995,1995,UA,90 min,"Comedy,Drama,Music",6.7,"57,252",$0.30M,30,Director:Allan Moyle,"Stars:Anthony LaPaglia, Debi Mazar, Maxwell Caulfield, Rory Cochrane"
396,Will & Grace,1998,2020,,22 min,"Comedy,Romance",7.3,"56,853",,,,"Stars:Eric McCormack, Debra Messing, Megan Mullally, Sean Hayes"
397,Gnomeo & Juliet,2011,2011,,84 min,"Animation,Adventure,Comedy",5.9,"56,807",$99.97M,53,Director:Kelly Asbury,"Stars:James McAvoy, Emily Blunt, Maggie Smith, Ashley Jensen"
398,LOL,2012,2012,A,97 min,"Comedy,Drama,Romance",4.3,"56,732",$0.05M,,Director:Lisa Azuelos,"Stars:Miley Cyrus, Douglas Booth, Ashley Greene, Demi Moore"
399,A Goofy Movie,1995,1995,U,78 min,"Animation,Adventure,Comedy",6.9,"56,673",$35.35M,53,Director:Kevin Lima,"Stars:Bill Farmer, Jason Marsden, Jim Cummings, Kellie Martin"
400,Wristcutters: A Love Story,2006,2006,R,88 min,"Comedy,Drama,Fantasy",7.2,"56,465",$0.32M,62,Director:Goran Dukic,"Stars:Patrick Fugit, Shea Whigham, Tom Waits, Will Arnett"
401,Chennai Express,2013,2013,UA,141 min,"Action,Comedy,Drama",6.0,"56,173",$5.31M,45,Director:Rohit Shetty,"Stars:Deepika Padukone, Shah Rukh Khan, Sathyaraj, Nikitin Dheer"
402,The Three Musketeers,1993,1993,U,105 min,"Action,Adventure,Comedy",6.4,"56,121",$53.90M,43,Director:Stephen Herek,"Stars:Charlie Sheen, Kiefer Sutherland, Chris O'Donnell, Oliver Platt"
403,Set It Up,2018,2018,18,105 min,"Comedy,Romance",6.5,"56,097",,62,Director:Claire Scanlon,"Stars:Zoey Deutch, Glen Powell, Lucy Liu, Taye Diggs"
404,Emma.,2020,2020,UA 13+,124 min,"Comedy,Drama,Romance",6.7,"56,034",,71,Director:Autumn de Wilde,"Stars:Anya Taylor-Joy, Johnny Flynn, Mia Goth, Josh O'Connor"
405,Chhichhore,2019,2019,UA,143 min,"Comedy,Drama,Romance",8.3,"55,857",$0.90M,,Director:Nitesh Tiwari,"Stars:Sushant Singh Rajput, Shraddha Kapoor, Varun Sharma, Prateik Babbar"
406,Bull Durham,1988,1988,U,108 min,"Comedy,Romance,Sport",7.0,"55,782",$50.89M,73,Director:Ron Shelton,"Stars:Kevin Costner, Susan Sarandon, Tim Robbins, Trey Wilson"
407,In Good Company,2004,2004,PG-13,110 min,"Comedy,Drama,Romance",6.5,"55,611",$45.81M,66,Director:Paul Weitz,"Stars:Dennis Quaid, Topher Grace, Scarlett Johansson, Marg Helgenberger"
408,Heartbreakers,2001,2001,PG-13,123 min,"Comedy,Crime,Romance",6.2,"55,493",$40.34M,47,Director:David Mirkin,"Stars:Sigourney Weaver, Jennifer Love Hewitt, Gene Hackman, Ray Liotta"
409,Buffalo '66,1998,1998,R,110 min,"Comedy,Drama,Romance",7.4,"55,480",$2.38M,68,Director:Vincent Gallo,"Stars:Vincent Gallo, Christina Ricci, Ben Gazzara, Mickey Rourke"
410,Love Hard,2021,2021,13,104 min,"Comedy,Romance",6.3,"55,232",,42,Director:Hernán Jiménez,"Stars:Nina Dobrev, Jimmy O. Yang, Darren Barnet, James Saito"
411,Teen Wolf,1985,1985,U,91 min,"Comedy,Fantasy,Romance",6.1,"55,215",$33.09M,25,Director:Rod Daniel,"Stars:Michael J. Fox, James Hampton, Susan Ursitti, Jerry Levine"
412,Casanova,2005,2005,R,112 min,"Adventure,Comedy,Drama",6.5,"55,006",$11.29M,57,Director:Lasse Hallström,"Stars:Heath Ledger, Sienna Miller, Jeremy Irons, Oliver Platt"
413,Eureka,2006,2012,,60 min,"Adventure,Comedy,Drama",7.9,"54,790",,,,"Stars:Colin Ferguson, Salli Richardson-Whitfield, Erica Cerra, Neil Grayston"
414,I Feel Pretty,2018,2018,UA,110 min,"Comedy,Romance",5.6,"54,753",$48.80M,48,"Directors:Abby Kohn, Marc Silverstein","Stars:Amy Schumer, Michelle Williams, Emily Ratajkowski, Tom Hopper"
415,"Crna macka, beli macor",1998,1998,R,127 min,"Comedy,Crime,Romance",8.0,"54,567",$0.35M,73,Director:Emir Kusturica,"Stars:Bajram Severdzan, Srdjan 'Zika' Todorovic, Branka Katic, Florijan Ajdini"
416,Dave,1993,1993,UA,110 min,"Comedy,Romance",6.9,"54,529",$63.27M,76,Director:Ivan Reitman,"Stars:Kevin Kline, Sigourney Weaver, Frank Langella, Kevin Dunn"
417,Odd Thomas,2013,2013,,100 min,"Comedy,Fantasy,Horror",6.8,"54,343",,45,Director:Stephen Sommers,"Stars:Anton Yelchin, Ashley Sommers, Leonor Varela, Matthew Page"
418,The War of the Roses,1989,1989,UA,116 min,"Comedy,Romance",6.8,"54,265",$86.89M,79,Director:Danny DeVito,"Stars:Michael Douglas, Kathleen Turner, Danny DeVito, Marianne Sägebrecht"
419,Jab We Met,2007,2007,U,138 min,"Comedy,Drama,Romance",7.9,"54,144",$0.41M,,Director:Imtiaz Ali,"Stars:Shahid Kapoor, Kareena Kapoor, Tarun Arora, Dara Singh Randhawa"
420,Man Up,2015,2015,R,88 min,"Comedy,Drama,Romance",6.8,"54,111",,69,Director:Ben Palmer,"Stars:Lake Bell, Rory Kinnear, Ken Stott, Harriet Walter"
421,Under the Tuscan Sun,2003,2003,PG-13,113 min,"Comedy,Drama,Romance",6.7,"54,073",$43.61M,52,Director:Audrey Wells,"Stars:Diane Lane, Raoul Bova, Sandra Oh, Lindsay Duncan"
422,Away We Go,2009,2009,R,98 min,"Adventure,Comedy,Drama",7.0,"54,032",$9.45M,58,Director:Sam Mendes,"Stars:John Krasinski, Maya Rudolph, Allison Janney, Carmen Ejogo"
423,Hart of Dixie,2011,2015,,60 min,"Comedy,Drama,Romance",7.7,"53,911",,,,"Stars:Rachel Bilson, Jaime King, Cress Williams, Wilson Bethel"
424,Take Me Home Tonight,2011,2011,R,114 min,"Comedy,Drama,Romance",6.3,"53,844",$6.92M,42,Director:Michael Dowse,"Stars:Topher Grace, Anna Faris, Dan Fogler, Teresa Palmer"
425,Andaz Apna Apna,1994,1994,U,160 min,"Action,Comedy,Romance",8.0,"53,797",,,Director:Rajkumar Santoshi,"Stars:Aamir Khan, Salman Khan, Raveena Tandon, Karisma Kapoor"
426,Alfie,2004,2004,R,103 min,"Comedy,Drama,Romance",6.2,"53,484",$13.40M,49,Director:Charles Shyer,"Stars:Jude Law, Sienna Miller, Susan Sarandon, Renée Taylor"
427,The Wedding Date,2005,2005,UA,90 min,"Comedy,Romance",6.1,"53,457",$31.73M,32,Director:Clare Kilner,"Stars:Dermot Mulroney, Debra Messing, Jack Davenport, Amy Adams"
428,Kuch Kuch Hota Hai,1998,1998,U,177 min,"Comedy,Drama,Musical",7.5,"53,412",$2.10M,,Director:Karan Johar,"Stars:Shah Rukh Khan, Kajol, Rani Mukerji, Sana Saeed"
429,The Love Guru,2008,2008,UA,87 min,"Comedy,Romance,Sport",3.8,"53,298",$32.24M,24,Director:Marco Schnabel,"Stars:Mike Myers, Jessica Alba, Romany Malco, Jessica Simpson"
430,The Pink Panther,1963,1963,,115 min,"Comedy,Crime,Romance",7.0,"53,285",$10.88M,55,Director:Blake Edwards,"Stars:David Niven, Peter Sellers, Robert Wagner, Capucine"
431,Fucking Åmål,1998,1998,,89 min,"Comedy,Drama,Romance",7.5,"53,139",$0.17M,73,Director:Lukas Moodysson,"Stars:Alexandra Dahlström, Rebecka Liljeberg, Erica Carlson, Mathias Rust"
432,You Again,2010,2010,U,105 min,"Comedy,Romance",5.7,"52,699",$25.70M,28,Director:Andy Fickman,"Stars:Kristen Bell, Odette Annable, Sigourney Weaver, Jamie Lee Curtis"
433,Tammy,2014,2014,R,97 min,"Comedy,Romance",4.9,"52,563",$84.53M,39,Director:Ben Falcone,"Stars:Melissa McCarthy, Susan Sarandon, Kathy Bates, Allison Janney"
434,The Purple Rose of Cairo,1985,1985,U,82 min,"Comedy,Fantasy,Romance",7.7,"52,419",$10.63M,75,Director:Woody Allen,"Stars:Mia Farrow, Jeff Daniels, Danny Aiello, Irving Metzman"
435,Keeping the Faith,2000,2000,U,128 min,"Comedy,Drama,Romance",6.4,"52,284",$37.05M,60,Director:Edward Norton,"Stars:Ben Stiller, Edward Norton, Jenna Elfman, Anne Bancroft"
436,Arthur,2011,2011,UA,110 min,"Comedy,Romance",5.7,"52,225",$33.04M,36,Director:Jason Winer,"Stars:Russell Brand, Helen Mirren, Jennifer Garner, Greta Gerwig"
437,The Rules of Attraction,2002,2002,Not Rated,110 min,"Comedy,Drama,Romance",6.6,"52,037",$6.53M,50,Director:Roger Avary,"Stars:James Van Der Beek, Ian Somerhalder, Shannyn Sossamon, Jessica Biel"
438,How Do You Know,2010,2010,PG-13,121 min,"Comedy,Drama,Romance",5.4,"51,914",$30.21M,46,Director:James L. Brooks,"Stars:Reese Witherspoon, Paul Rudd, Owen Wilson, Jack Nicholson"
439,Don Juan DeMarco,1994,1994,PG-13,97 min,"Comedy,Drama,Romance",6.7,"51,653",$22.15M,63,Director:Jeremy Leven,"Stars:Johnny Depp, Marlon Brando, Faye Dunaway, Géraldine Pailhas"
440,Nutty Professor II: The Klumps,2000,2000,PG-13,106 min,"Comedy,Romance,Sci-Fi",4.4,"51,651",$123.31M,38,Director:Peter Segal,"Stars:Eddie Murphy, Janet Jackson, Larry Miller, John Ales"
441,The Little Rascals,1994,1994,U,82 min,"Comedy,Family,Romance",6.3,"51,586",$51.76M,45,Director:Penelope Spheeris,"Stars:Travis Tedford, Bug Hall, Brittany Ashton Holmes, Kevin Jamal Woods"
442,Can't Hardly Wait,1998,1998,U,100 min,"Comedy,Romance",6.5,"51,343",$25.34M,52,"Directors:Harry Elfont, Deborah Kaplan","Stars:Jennifer Love Hewitt, Ethan Embry, Charlie Korsmo, Lauren Ambrose"
443,The Brothers Bloom,2008,2008,PG-13,114 min,"Action,Adventure,Comedy",6.7,"51,287",$3.52M,55,Director:Rian Johnson,"Stars:Rachel Weisz, Adrien Brody, Mark Ruffalo, Rinko Kikuchi"
444,Tin Cup,1996,1996,UA,135 min,"Comedy,Drama,Romance",6.4,"51,239",$53.85M,60,Director:Ron Shelton,"Stars:Kevin Costner, Rene Russo, Don Johnson, Cheech Marin"
445,Sherlock Jr.,1924,1924,,45 min,"Action,Comedy,Romance",8.2,"51,219",$0.98M,,Director:Buster Keaton,"Stars:Buster Keaton, Kathryn McGuire, Joe Keaton, Erwin Connelly"
446,Duplicity,2009,2009,PG-13,125 min,"Comedy,Crime,Romance",6.1,"51,066",$40.57M,69,Director:Tony Gilroy,"Stars:Julia Roberts, Clive Owen, Tom Wilkinson, Paul Giamatti"
447,French Kiss,1995,1995,U,111 min,"Comedy,Drama,Romance",6.6,"50,970",$38.90M,50,Director:Lawrence Kasdan,"Stars:Meg Ryan, Kevin Kline, Timothy Hutton, Jean Reno"
448,Reality Bites,1994,1994,U,99 min,"Comedy,Drama,Romance",6.6,"50,946",$20.98M,67,Director:Ben Stiller,"Stars:Winona Ryder, Ethan Hawke, Janeane Garofalo, Steve Zahn"
449,Footloose,2011,2011,U,113 min,"Comedy,Drama,Music",5.8,"50,822",$51.80M,58,Director:Craig Brewer,"Stars:Kenny Wormald, Julianne Hough, Dennis Quaid, Andie MacDowell"
450,The Back-up Plan,2010,2010,PG-13,104 min,"Comedy,Romance",5.3,"50,714",$37.49M,34,Director:Alan Poul,"Stars:Jennifer Lopez, Alex O'Loughlin, Michaela Watkins, Eric Christian Olsen"
451,Grumpy Old Men,1993,1993,UA,103 min,"Comedy,Drama,Romance",7.0,"50,588",$70.17M,53,Director:Donald Petrie,"Stars:Jack Lemmon, Walter Matthau, Ann-Margret, Burgess Meredith"
452,When We First Met,2018,2018,16,97 min,"Comedy,Fantasy,Romance",6.4,"50,438",,36,Director:Ari Sandel,"Stars:Adam Devine, Alexandra Daddario, Shelley Hennig, Andrew Bachelor"
453,The Big Wedding,2013,2013,R,90 min,"Comedy,Drama,Romance",5.6,"50,418",$21.78M,28,Director:Justin Zackham,"Stars:Robert De Niro, Diane Keaton, Katherine Heigl, Amanda Seyfried"
454,Gigli,2003,2003,U,121 min,"Comedy,Crime,Romance",2.6,"49,362",$6.07M,18,Director:Martin Brest,"Stars:Ben Affleck, Jennifer Lopez, Justin Bartha, Terry Camilleri"
455,Rab Ne Bana Di Jodi,2008,2008,U,167 min,"Comedy,Drama,Music",7.2,"49,354",$2.07M,,Director:Aditya Chopra,"Stars:Shah Rukh Khan, Anushka Sharma, Vinay Pathak, M.K. Raina"
456,Much Ado About Nothing,1993,1993,U,111 min,"Comedy,Drama,Romance",7.3,"49,226",$22.55M,80,Director:Kenneth Branagh,"Stars:Kenneth Branagh, Emma Thompson, Keanu Reeves, Kate Beckinsale"
457,Sydney White,2007,2007,U,108 min,"Comedy,Drama,Romance",6.2,"49,220",$11.89M,45,Director:Joe Nussbaum,"Stars:Amanda Bynes, Sara Paxton, Matt Long, Jack Carpenter"
458,The Rebound,2009,2009,UA 13+,95 min,"Comedy,Romance",6.3,"48,996",,,Director:Bart Freundlich,"Stars:Catherine Zeta-Jones, Justin Bartha, Andrew Cherry, Kelly Gould"
459,Extract,2009,2009,R,92 min,"Comedy,Crime,Romance",6.1,"48,880",$10.81M,61,Director:Mike Judge,"Stars:Jason Bateman, Kristen Wiig, Ben Affleck, Mila Kunis"
460,Yeopgijeogin geunyeo,2001,2001,,137 min,"Comedy,Drama,Romance",8.0,"48,766",,,Director:Jae-young Kwak,"Stars:Tae-Hyun Cha, Jun Ji-hyun, In-mun Kim, Song Wok-suk"
461,Herbie Fully Loaded,2005,2005,U,101 min,"Adventure,Comedy,Family",4.9,"48,719",$66.02M,47,Director:Angela Robinson,"Stars:Lindsay Lohan, Michael Keaton, Cheryl Hines, Breckin Meyer"
462,Employee of the Month,2006,2006,PG-13,103 min,"Comedy,Romance",5.5,"48,559",$28.44M,36,Director:Greg Coolidge,"Stars:Jessica Simpson, Dane Cook, Dax Shepard, Andy Dick"
463,Think Like a Man,2012,2012,PG-13,123 min,"Comedy,Romance",6.5,"48,273",$91.55M,51,Director:Tim Story,"Stars:Chris Brown, Gabrielle Union, Kevin Hart, Michael Ealy"
464,Howard the Duck,1986,1986,U,110 min,"Action,Adventure,Comedy",4.7,"48,096",$16.30M,28,Director:Willard Huyck,"Stars:Lea Thompson, Jeffrey Jones, Tim Robbins, Ed Gale"
465,Shall We Dance?,2004,2004,PG-13,106 min,"Comedy,Drama,Music",6.2,"47,762",$57.89M,47,Director:Peter Chelsom,"Stars:Richard Gere, Jennifer Lopez, Susan Sarandon, Stanley Tucci"
466,Lage Raho Munna Bhai,2006,2006,U,144 min,"Comedy,Drama,Romance",8.0,"47,678",$2.22M,,Director:Rajkumar Hirani,"Stars:Sanjay Dutt, Arshad Warsi, Vidya Balan, Boman Irani"
467,Bachelorette,2012,2012,R,87 min,"Comedy,Romance",5.3,"47,612",$0.45M,53,Director:Leslye Headland,"Stars:Kirsten Dunst, Isla Fisher, Lizzy Caplan, James Marsden"
468,Look Who's Talking Too,1990,1990,U,81 min,"Comedy,Family,Romance",4.6,"47,371",$47.49M,,Director:Amy Heckerling,"Stars:John Travolta, Kirstie Alley, Olympia Dukakis, Elias Koteas"
469,Waitress,2007,2007,PG-13,108 min,"Comedy,Drama,Romance",7.0,"47,208",$19.07M,75,Director:Adrienne Shelly,"Stars:Keri Russell, Nathan Fillion, Jeremy Sisto, Cheryl Hines"
470,The Old Man & the Gun,2018,2018,UA,93 min,"Biography,Comedy,Crime",6.7,"47,033",$11.28M,80,Director:David Lowery,"Stars:Robert Redford, Casey Affleck, Sissy Spacek, Danny Glover"
471,One Fine Day,1996,1996,U,108 min,"Comedy,Drama,Romance",6.5,"46,976",$46.15M,56,Director:Michael Hoffman,"Stars:Michelle Pfeiffer, George Clooney, Mae Whitman, Alex D. Linz"
472,Varsity Blues,1999,1999,R,106 min,"Comedy,Drama,Romance",6.5,"46,878",$52.89M,50,Director:Brian Robbins,"Stars:James Van Der Beek, Jon Voight, Paul Walker, Ron Lester"
473,"New York, I Love You",2008,2008,R,103 min,"Comedy,Drama,Romance",6.2,"46,721",$1.59M,49,"Directors:Fatih Akin, Yvan Attal, Randall Balsmeyer, Allen Hughes, Shunji Iwai, Wen Jiang, Shekhar Kapur, Joshua Marston, Mira Nair, Natalie Portman, Brett Ratner","Stars:Shia LaBeouf, Natalie Portman, Bradley Cooper, Hayden Christensen"
474,White Christmas,1954,1954,,120 min,"Comedy,Musical,Romance",7.5,"46,481",$30.00M,56,Director:Michael Curtiz,"Stars:Bing Crosby, Danny Kaye, Rosemary Clooney, Vera-Ellen"
475,You Will Meet a Tall Dark Stranger,2010,2010,R,98 min,"Comedy,Drama,Romance",6.3,"46,316",$3.25M,51,Director:Woody Allen,"Stars:Anthony Hopkins, Naomi Watts, Josh Brolin, Gemma Jones"
476,Better Off Dead...,1985,1985,,97 min,"Comedy,Romance",7.1,"46,193",$10.30M,51,Director:Savage Steve Holland,"Stars:John Cusack, David Ogden Stiers, Kim Darby, Demian Slade"
477,Coupling,2000,2004,,30 min,"Comedy,Romance",8.6,"46,076",,,,"Stars:Jack Davenport, Gina Bellman, Sarah Alexander, Kate Isitt"
478,Roxanne,1987,1987,U,107 min,"Comedy,Romance",6.6,"45,989",$40.05M,73,Director:Fred Schepisi,"Stars:Steve Martin, Daryl Hannah, Rick Rossovich, Shelley Duvall"
479,Fever Pitch,2005,2005,U,104 min,"Comedy,Drama,Romance",6.2,"45,924",$42.07M,56,"Directors:Bobby Farrelly, Peter Farrelly","Stars:Drew Barrymore, Jimmy Fallon, Jason Spevack, Jack Kehler"
480,Baby Mama,2008,2008,UA,99 min,"Comedy,Romance",6.0,"45,849",$60.27M,55,Director:Michael McCullers,"Stars:Tina Fey, Amy Poehler, Sigourney Weaver, Greg Kinnear"
481,Monte Carlo,2011,2011,PG,109 min,"Adventure,Comedy,Family",5.8,"45,832",$23.19M,43,Director:Thomas Bezucha,"Stars:Selena Gomez, Leighton Meester, Katie Cassidy, Cory Monteith"
482,A Rainy Day in New York,2019,2019,PG-13,92 min,"Comedy,Romance",6.5,"45,695",,38,Director:Woody Allen,"Stars:Timothée Chalamet, Elle Fanning, Liev Schreiber, Suzanne Smith"
483,Happy Feet Two,2011,2011,U,117 min,"Animation,Adventure,Comedy",5.8,"45,627",$64.01M,50,"Directors:George Miller, Gary Eck, David Peers","Stars:Elijah Wood, Robin Williams, Pink, Carlos Alazraqui"
484,Kokuriko-zaka kara,2011,2011,PG,91 min,"Animation,Comedy,Drama",7.4,"45,588",$1.00M,71,Director:Gorô Miyazaki,"Stars:Sarah Bolger, Chris Noth, Anton Yelchin, Christina Hendricks"
485,Adventures in Babysitting,1987,1987,U,102 min,"Adventure,Comedy,Crime",6.9,"45,555",$34.37M,45,Director:Chris Columbus,"Stars:Elisabeth Shue, Maia Brewton, Keith Coogan, Anthony Rapp"
486,A Hologram for the King,2016,2016,R,98 min,"Comedy,Drama,Romance",6.1,"45,406",$4.20M,58,Director:Tom Tykwer,"Stars:Tom Hanks, Omar Elba, Sarita Choudhury, Ben Whishaw"
487,Somewhere,2010,2010,R,97 min,"Comedy,Drama,Romance",6.3,"45,342",$1.77M,67,Director:Sofia Coppola,"Stars:Stephen Dorff, Elle Fanning, Chris Pontius, Erin Wasson"
488,90210,2008,2013,,60 min,"Comedy,Drama,Romance",6.2,"45,005",,,,"Stars:Shenae Grimes-Beech, Tristan Mack Wilds, AnnaLynne McCord, Jessica Stroup"
489,"Honey, I Blew Up the Kid",1992,1992,U,89 min,"Adventure,Comedy,Family",4.9,"45,003",$58.66M,50,Director:Randal Kleiser,"Stars:Rick Moranis, Marcia Strassman, Robert Oliveri, Daniel Shalikar"
490,My Best Friend's Girl,2008,2008,R,101 min,"Comedy,Romance",5.8,"44,950",$19.22M,34,Director:Howard Deutch,"Stars:Kate Hudson, Dane Cook, Jason Biggs, Alec Baldwin"
491,Awkward.,2011,2016,,22 min,"Comedy,Drama,Romance",7.5,"44,818",,,,"Stars:Ashley Rickards, Beau Mirchoff, Jillian Rose Reed, Brett Davern"
492,Om Shanti Om,2007,2007,UA,162 min,"Action,Comedy,Drama",6.7,"44,747",$3.60M,,Director:Farah Khan,"Stars:Shah Rukh Khan, Deepika Padukone, Arjun Rampal, Kirron Kher"
493,Sleeping with Other People,2015,2015,R,101 min,"Comedy,Drama,Romance",6.5,"44,707",$0.81M,64,Director:Leslye Headland,"Stars:Jason Sudeikis, Alison Brie, Jordan Carlos, Margarita Levieva"
494,The Nanny,1993,1999,,22 min,"Comedy,Family,Romance",7.0,"44,635",,,,"Stars:Fran Drescher, Charles Shaughnessy, Daniel Davis, Lauren Lane"
495,Laggies,2014,2014,R,99 min,"Comedy,Drama,Romance",6.4,"44,607",$0.44M,63,Director:Lynn Shelton,"Stars:Keira Knightley, Chloë Grace Moretz, Sam Rockwell, Mark Webber"
496,Ugly Betty,2006,2010,,60 min,"Comedy,Drama,Romance",6.7,"44,454",,,,"Stars:America Ferrera, Eric Mabius, Tony Plana, Ana Ortiz"
497,Arizona Dream,1993,1993,UA,142 min,"Comedy,Drama,Fantasy",7.2,"44,251",$0.11M,62,Director:Emir Kusturica,"Stars:Johnny Depp, Jerry Lewis, Faye Dunaway, Lili Taylor"
498,Cougar Town,2009,2015,,22 min,"Comedy,Romance",7.0,"44,083",,,,"Stars:Courteney Cox, Christa Miller, Busy Philipps, Dan Byrd"
499,Vicky Donor,2012,2012,UA,126 min,"Comedy,Romance",7.8,"43,889",$0.17M,,Director:Shoojit Sircar,"Stars:Ayushmann Khurrana, Yami Gautam, Annu Kapoor, Dolly Ahluwalia"
